[
{
    "model": "contenttypes.contenttype",
    "pk": 1,
    "fields": {
        "app_label": "admin",
        "model": "logentry"
    }
},
{
    "model": "contenttypes.contenttype",
    "pk": 2,
    "fields": {
        "app_label": "auth",
        "model": "permission"
    }
},
{
    "model": "contenttypes.contenttype",
    "pk": 3,
    "fields": {
        "app_label": "auth",
        "model": "group"
    }
},
{
    "model": "contenttypes.contenttype",
    "pk": 4,
    "fields": {
        "app_label": "auth",
        "model": "user"
    }
},
{
    "model": "contenttypes.contenttype",
    "pk": 5,
    "fields": {
        "app_label": "contenttypes",
        "model": "contenttype"
    }
},
{
    "model": "contenttypes.contenttype",
    "pk": 6,
    "fields": {
        "app_label": "sessions",
        "model": "session"
    }
},
{
    "model": "contenttypes.contenttype",
    "pk": 7,
    "fields": {
        "app_label": "digitalkey",
        "model": "digitalkey"
    }
},
{
    "model": "contenttypes.contenttype",
    "pk": 8,
    "fields": {
        "app_label": "digitalkey",
        "model": "digitalkeycontact"
    }
},
{
    "model": "contenttypes.contenttype",
    "pk": 9,
    "fields": {
        "app_label": "digitalkey",
        "model": "keyallocation"
    }
},
{
    "model": "contenttypes.contenttype",
    "pk": 10,
    "fields": {
        "app_label": "digitalkey",
        "model": "keytype"
    }
},
{
    "model": "contenttypes.contenttype",
    "pk": 11,
    "fields": {
        "app_label": "contragent",
        "model": "contactinfo"
    }
},
{
    "model": "contenttypes.contenttype",
    "pk": 12,
    "fields": {
        "app_label": "contragent",
        "model": "contacttype"
    }
},
{
    "model": "contenttypes.contenttype",
    "pk": 13,
    "fields": {
        "app_label": "contragent",
        "model": "contragent"
    }
},
{
    "model": "sessions.session",
    "pk": "rycls2ozc51mgab4uhpe9apkibfixr15",
    "fields": {
        "session_data": "YTIyMWU4MmY4ZDVjYTY2MzEyMTc3ZTgwMmFmNTgyNGZmYTk3ZDQ5Yzp7Il9hdXRoX3VzZXJfaWQiOiIxIiwiX2F1dGhfdXNlcl9iYWNrZW5kIjoiZGphbmdvLmNvbnRyaWIuYXV0aC5iYWNrZW5kcy5Nb2RlbEJhY2tlbmQiLCJfYXV0aF91c2VyX2hhc2giOiJhNDFiNTQ4ODI1ZGRiMTY0MGYxZmQ2MWI3ODBlN2FhMzgxZDIxNTZlIn0=",
        "expire_date": "2017-06-21T19:36:51.324Z"
    }
},
{
    "model": "digitalkey.keytype",
    "pk": 1,
    "fields": {
        "name": "eToken"
    }
},
{
    "model": "digitalkey.keytype",
    "pk": 2,
    "fields": {
        "name": "ruToken"
    }
},
{
    "model": "digitalkey.keyallocation",
    "pk": 1,
    "fields": {
        "name": "\u0413\u043e\u0441\u0437\u0430\u043a\u0443\u043f\u043a\u0438",
        "description": null
    }
},
{
    "model": "digitalkey.keyallocation",
    "pk": 2,
    "fields": {
        "name": "\u0420\u043e\u0441\u0430\u043a\u043a\u0440\u0435\u0434\u0438\u0442\u0430\u0446\u0438\u044f",
        "description": null
    }
},
{
    "model": "digitalkey.digitalkey",
    "pk": 1,
    "fields": {
        "name": "\u041a\u043b\u044e\u0447 1",
        "serial": "SN-1111",
        "description": "111",
        "expire": "2017-05-30",
        "removed": false,
        "key_type": 2,
        "key_allocation": 1
    }
},
{
    "model": "digitalkey.digitalkey",
    "pk": 2,
    "fields": {
        "name": "\u041a\u043b\u044e\u0447 2",
        "serial": "SN-2222",
        "description": "222",
        "expire": "2017-06-30",
        "removed": false,
        "key_type": 1,
        "key_allocation": null
    }
},
{
    "model": "digitalkey.digitalkey",
    "pk": 3,
    "fields": {
        "name": "\u041a\u043b\u044e\u0447 3",
        "serial": "SN-3333",
        "description": "333",
        "expire": "2017-07-30",
        "removed": false,
        "key_type": 1,
        "key_allocation": 2
    }
},
{
    "model": "digitalkey.digitalkey",
    "pk": 4,
    "fields": {
        "name": "\u041a\u043b\u044e\u0447 4",
        "serial": "SN-4444",
        "description": "444",
        "expire": "2017-08-30",
        "removed": false,
        "key_type": 1,
        "key_allocation": null
    }
},
{
    "model": "digitalkey.digitalkey",
    "pk": 5,
    "fields": {
        "name": "\u041a\u043b\u044e\u0447 5",
        "serial": "SN-5555",
        "description": "555",
        "expire": "2017-09-30",
        "removed": false,
        "key_type": 2,
        "key_allocation": 1
    }
},
{
    "model": "digitalkey.digitalkeycontact",
    "pk": 3,
    "fields": {
        "digital_key": 2,
        "contragent": 1,
        "type": "h"
    }
},
{
    "model": "digitalkey.digitalkeycontact",
    "pk": 4,
    "fields": {
        "digital_key": 2,
        "contragent": 1,
        "type": "c"
    }
},
{
    "model": "digitalkey.digitalkeycontact",
    "pk": 5,
    "fields": {
        "digital_key": 2,
        "contragent": 2,
        "type": "c"
    }
},
{
    "model": "digitalkey.digitalkeycontact",
    "pk": 8,
    "fields": {
        "digital_key": 3,
        "contragent": 8,
        "type": "h"
    }
},
{
    "model": "digitalkey.digitalkeycontact",
    "pk": 9,
    "fields": {
        "digital_key": 3,
        "contragent": 15,
        "type": "c"
    }
},
{
    "model": "digitalkey.digitalkeycontact",
    "pk": 12,
    "fields": {
        "digital_key": 5,
        "contragent": 12,
        "type": "h"
    }
},
{
    "model": "digitalkey.digitalkeycontact",
    "pk": 13,
    "fields": {
        "digital_key": 5,
        "contragent": 4,
        "type": "h"
    }
},
{
    "model": "digitalkey.digitalkeycontact",
    "pk": 14,
    "fields": {
        "digital_key": 5,
        "contragent": 13,
        "type": "c"
    }
},
{
    "model": "digitalkey.digitalkeycontact",
    "pk": 15,
    "fields": {
        "digital_key": 1,
        "contragent": 1,
        "type": "h"
    }
},
{
    "model": "digitalkey.digitalkeycontact",
    "pk": 16,
    "fields": {
        "digital_key": 1,
        "contragent": 2,
        "type": "c"
    }
},
{
    "model": "contragent.contragent",
    "pk": 1,
    "fields": {
        "name": "\u0424\u0430\u043c\u0438\u043b\u0438\u044f \u0418\u043c\u044f \u041e\u0442\u0447\u0435\u0441\u0442\u0432\u043e",
        "description": "\u041e\u043f\u0438\u0441\u0430\u043d\u0438\u0435"
    }
},
{
    "model": "contragent.contragent",
    "pk": 2,
    "fields": {
        "name": "\u041e\u041e\u041e \u041e\u0440\u0433\u0430\u043d\u0438\u0437\u0430\u0446\u0438\u044f",
        "description": "\u041e\u043f\u0438\u0441\u0430\u043d\u0438\u0435 \u043e\u0440\u0433\u0430\u043d\u0438\u0437\u0430\u0446\u0438\u0438"
    }
},
{
    "model": "contragent.contragent",
    "pk": 3,
    "fields": {
        "name": "\u0414\u044c\u044f\u0447\u043a\u043e\u0432\u0430 \u0410\u043b\u043b\u0430 \u041a\u0443\u043f\u0440\u0438\u044f\u043d\u043e\u0432\u043d\u0430",
        "description": "\u041e\u043f\u0438\u0441\u0430\u043d\u0438\u0435 \u0414\u044c\u044f\u0447\u043a\u043e\u0432\u0430 \u0410\u043b\u043b\u0430 \u041a\u0443\u043f\u0440\u0438\u044f\u043d\u043e\u0432\u043d\u0430"
    }
},
{
    "model": "contragent.contragent",
    "pk": 4,
    "fields": {
        "name": "\u041c\u0430\u0442\u0432\u0435\u0435\u0432\u0430 \u041a\u043b\u0430\u0432\u0434\u0438\u044f \u0418\u0440\u0438\u043d\u0435\u0435\u0432\u043d\u0430",
        "description": "\u041e\u043f\u0438\u0441\u0430\u043d\u0438\u0435 \u041c\u0430\u0442\u0432\u0435\u0435\u0432\u0430 \u041a\u043b\u0430\u0432\u0434\u0438\u044f \u0418\u0440\u0438\u043d\u0435\u0435\u0432\u043d\u0430"
    }
},
{
    "model": "contragent.contragent",
    "pk": 5,
    "fields": {
        "name": "\u041a\u0443\u043b\u0430\u043a\u043e\u0432\u0430 \u0416\u0430\u043d\u043d\u0430 \u0411\u043e\u0433\u0434\u0430\u043d\u043e\u0432\u043d\u0430",
        "description": "\u041e\u043f\u0438\u0441\u0430\u043d\u0438\u0435 \u041a\u0443\u043b\u0430\u043a\u043e\u0432\u0430 \u0416\u0430\u043d\u043d\u0430 \u0411\u043e\u0433\u0434\u0430\u043d\u043e\u0432\u043d\u0430"
    }
},
{
    "model": "contragent.contragent",
    "pk": 6,
    "fields": {
        "name": "\u041c\u0435\u0434\u0432\u0435\u0434\u044c\u0435\u0432 \u0413\u0435\u0440\u043c\u0430\u043d \u0412\u0430\u043b\u0435\u0440\u044c\u044f\u043d\u043e\u0432\u0438\u0447",
        "description": "\u041e\u043f\u0438\u0441\u0430\u043d\u0438\u0435 \u041c\u0435\u0434\u0432\u0435\u0434\u044c\u0435\u0432 \u0413\u0435\u0440\u043c\u0430\u043d \u0412\u0430\u043b\u0435\u0440\u044c\u044f\u043d\u043e\u0432\u0438\u0447"
    }
},
{
    "model": "contragent.contragent",
    "pk": 7,
    "fields": {
        "name": "\u0411\u043b\u043e\u0445\u0438\u043d\u0430 \u041a\u0438\u0440\u0430 \u041b\u0443\u043a\u044c\u044f\u043d\u043e\u0432\u043d\u0430",
        "description": "\u041e\u043f\u0438\u0441\u0430\u043d\u0438\u0435 \u0411\u043b\u043e\u0445\u0438\u043d\u0430 \u041a\u0438\u0440\u0430 \u041b\u0443\u043a\u044c\u044f\u043d\u043e\u0432\u043d\u0430"
    }
},
{
    "model": "contragent.contragent",
    "pk": 8,
    "fields": {
        "name": "\u0411\u0435\u043b\u043e\u0443\u0441\u043e\u0432\u0430 \u0415\u0432\u0444\u0440\u043e\u0441\u0438\u043d\u0438\u044f \u0410\u0433\u0430\u0444\u043e\u043d\u043e\u0432\u043d\u0430",
        "description": "\u041e\u043f\u0438\u0441\u0430\u043d\u0438\u0435 \u0411\u0435\u043b\u043e\u0443\u0441\u043e\u0432\u0430 \u0415\u0432\u0444\u0440\u043e\u0441\u0438\u043d\u0438\u044f \u0410\u0433\u0430\u0444\u043e\u043d\u043e\u0432\u043d\u0430"
    }
},
{
    "model": "contragent.contragent",
    "pk": 9,
    "fields": {
        "name": "\u0421\u0435\u0440\u0433\u0435\u0435\u0432 \u041a\u043e\u043d\u0434\u0440\u0430\u0442 \u0412\u043b\u0430\u0434\u043b\u0435\u043d\u043e\u0432\u0438\u0447",
        "description": "\u041e\u043f\u0438\u0441\u0430\u043d\u0438\u0435 \u0421\u0435\u0440\u0433\u0435\u0435\u0432 \u041a\u043e\u043d\u0434\u0440\u0430\u0442 \u0412\u043b\u0430\u0434\u043b\u0435\u043d\u043e\u0432\u0438\u0447"
    }
},
{
    "model": "contragent.contragent",
    "pk": 10,
    "fields": {
        "name": "\u041a\u043e\u043b\u0435\u0441\u043d\u0438\u043a\u043e\u0432 \u041c\u044d\u043b\u043e\u0440 \u0421\u0435\u0440\u0433\u0435\u0435\u0432\u0438\u0447",
        "description": "\u041e\u043f\u0438\u0441\u0430\u043d\u0438\u0435 \u041a\u043e\u043b\u0435\u0441\u043d\u0438\u043a\u043e\u0432 \u041c\u044d\u043b\u043e\u0440 \u0421\u0435\u0440\u0433\u0435\u0435\u0432\u0438\u0447"
    }
},
{
    "model": "contragent.contragent",
    "pk": 11,
    "fields": {
        "name": "\u041b\u0430\u0440\u0438\u043e\u043d\u043e\u0432\u0430 \u0418\u0432\u0430\u043d\u043d\u0430 \u0423\u043b\u0435\u0431\u043e\u0432\u043d\u0430",
        "description": "\u041e\u043f\u0438\u0441\u0430\u043d\u0438\u0435 \u041b\u0430\u0440\u0438\u043e\u043d\u043e\u0432\u0430 \u0418\u0432\u0430\u043d\u043d\u0430 \u0423\u043b\u0435\u0431\u043e\u0432\u043d\u0430"
    }
},
{
    "model": "contragent.contragent",
    "pk": 12,
    "fields": {
        "name": "\u042f\u043a\u043e\u0432\u043b\u0435\u0432 \u0410\u043b\u044c\u0432\u0438\u0430\u043d \u041c\u0430\u0442\u0432\u0435\u0435\u0432\u0438\u0447",
        "description": "\u041e\u043f\u0438\u0441\u0430\u043d\u0438\u0435 \u042f\u043a\u043e\u0432\u043b\u0435\u0432 \u0410\u043b\u044c\u0432\u0438\u0430\u043d \u041c\u0430\u0442\u0432\u0435\u0435\u0432\u0438\u0447"
    }
},
{
    "model": "contragent.contragent",
    "pk": 13,
    "fields": {
        "name": "\u041e\u041e\u041e \u0411\u0413\u0411 123",
        "description": "\u041e\u043f\u0438\u0441\u0430\u043d\u0438\u0435 \u0411\u0430\u0439\u043d\u0435\u0442\u0413\u0430\u043c\u0430\u0411\u0443\u043a"
    }
},
{
    "model": "contragent.contragent",
    "pk": 14,
    "fields": {
        "name": "\u041e\u041e\u041e \u0411\u041a\u0418",
        "description": "\u041e\u043f\u0438\u0441\u0430\u043d\u0438\u0435 \u0411\u0438\u0442\u041a\u043b\u0430\u0432\u0418\u043d\u0444\u043e"
    }
},
{
    "model": "contragent.contragent",
    "pk": 15,
    "fields": {
        "name": "\u041e\u041e\u041e Qwe 123",
        "description": "\u041e\u043f\u0438\u0441\u0430\u043d\u0438\u0435 Quick Wild Eyes"
    }
},
{
    "model": "contragent.contacttype",
    "pk": 1,
    "fields": {
        "name": "\u043f\u043e\u0447\u0442\u0430"
    }
},
{
    "model": "contragent.contacttype",
    "pk": 2,
    "fields": {
        "name": "\u0442\u0435\u043b\u0435\u0444\u043e\u043d"
    }
},
{
    "model": "contragent.contactinfo",
    "pk": 1,
    "fields": {
        "value": "test@test.io",
        "contact": 1,
        "contact_type": 1
    }
},
{
    "model": "contragent.contactinfo",
    "pk": 2,
    "fields": {
        "value": "123 45 67",
        "contact": 1,
        "contact_type": 1
    }
},
{
    "model": "contragent.contactinfo",
    "pk": 3,
    "fields": {
        "value": "test@test.io",
        "contact": 2,
        "contact_type": 1
    }
},
{
    "model": "contragent.contactinfo",
    "pk": 4,
    "fields": {
        "value": "123 45 67",
        "contact": 2,
        "contact_type": 1
    }
},
{
    "model": "contragent.contactinfo",
    "pk": 5,
    "fields": {
        "value": "test@test.io",
        "contact": 3,
        "contact_type": 1
    }
},
{
    "model": "contragent.contactinfo",
    "pk": 6,
    "fields": {
        "value": "123 45 67",
        "contact": 3,
        "contact_type": 1
    }
},
{
    "model": "contragent.contactinfo",
    "pk": 7,
    "fields": {
        "value": "test@test.io",
        "contact": 4,
        "contact_type": 1
    }
},
{
    "model": "contragent.contactinfo",
    "pk": 8,
    "fields": {
        "value": "123 45 67",
        "contact": 4,
        "contact_type": 1
    }
},
{
    "model": "contragent.contactinfo",
    "pk": 9,
    "fields": {
        "value": "test@test.io",
        "contact": 5,
        "contact_type": 1
    }
},
{
    "model": "contragent.contactinfo",
    "pk": 10,
    "fields": {
        "value": "123 45 67",
        "contact": 5,
        "contact_type": 1
    }
},
{
    "model": "contragent.contactinfo",
    "pk": 11,
    "fields": {
        "value": "test@test.io",
        "contact": 6,
        "contact_type": 1
    }
},
{
    "model": "contragent.contactinfo",
    "pk": 12,
    "fields": {
        "value": "123 45 67",
        "contact": 6,
        "contact_type": 1
    }
},
{
    "model": "contragent.contactinfo",
    "pk": 13,
    "fields": {
        "value": "test@test.io",
        "contact": 7,
        "contact_type": 1
    }
},
{
    "model": "contragent.contactinfo",
    "pk": 14,
    "fields": {
        "value": "123 45 67",
        "contact": 7,
        "contact_type": 1
    }
},
{
    "model": "contragent.contactinfo",
    "pk": 15,
    "fields": {
        "value": "test@test.io",
        "contact": 8,
        "contact_type": 1
    }
},
{
    "model": "contragent.contactinfo",
    "pk": 16,
    "fields": {
        "value": "123 45 67",
        "contact": 8,
        "contact_type": 1
    }
},
{
    "model": "contragent.contactinfo",
    "pk": 17,
    "fields": {
        "value": "test@test.io",
        "contact": 9,
        "contact_type": 1
    }
},
{
    "model": "contragent.contactinfo",
    "pk": 18,
    "fields": {
        "value": "123 45 67",
        "contact": 9,
        "contact_type": 1
    }
},
{
    "model": "contragent.contactinfo",
    "pk": 19,
    "fields": {
        "value": "test@test.io",
        "contact": 10,
        "contact_type": 1
    }
},
{
    "model": "contragent.contactinfo",
    "pk": 20,
    "fields": {
        "value": "123 45 67",
        "contact": 10,
        "contact_type": 1
    }
},
{
    "model": "contragent.contactinfo",
    "pk": 21,
    "fields": {
        "value": "test@test.io",
        "contact": 11,
        "contact_type": 1
    }
},
{
    "model": "contragent.contactinfo",
    "pk": 22,
    "fields": {
        "value": "123 45 67",
        "contact": 11,
        "contact_type": 1
    }
},
{
    "model": "contragent.contactinfo",
    "pk": 23,
    "fields": {
        "value": "test@test.io",
        "contact": 12,
        "contact_type": 1
    }
},
{
    "model": "contragent.contactinfo",
    "pk": 24,
    "fields": {
        "value": "123 45 67",
        "contact": 12,
        "contact_type": 1
    }
},
{
    "model": "contragent.contactinfo",
    "pk": 25,
    "fields": {
        "value": "test@test.io",
        "contact": 13,
        "contact_type": 1
    }
},
{
    "model": "contragent.contactinfo",
    "pk": 26,
    "fields": {
        "value": "123 45 67",
        "contact": 13,
        "contact_type": 1
    }
},
{
    "model": "contragent.contactinfo",
    "pk": 27,
    "fields": {
        "value": "test@test.io",
        "contact": 14,
        "contact_type": 1
    }
},
{
    "model": "contragent.contactinfo",
    "pk": 28,
    "fields": {
        "value": "123 45 67",
        "contact": 14,
        "contact_type": 1
    }
},
{
    "model": "contragent.contactinfo",
    "pk": 29,
    "fields": {
        "value": "test@test.io",
        "contact": 15,
        "contact_type": 1
    }
},
{
    "model": "contragent.contactinfo",
    "pk": 30,
    "fields": {
        "value": "123 45 67",
        "contact": 15,
        "contact_type": 1
    }
},
{
    "model": "auth.permission",
    "pk": 1,
    "fields": {
        "name": "Can add log entry",
        "content_type": 1,
        "codename": "add_logentry"
    }
},
{
    "model": "auth.permission",
    "pk": 2,
    "fields": {
        "name": "Can change log entry",
        "content_type": 1,
        "codename": "change_logentry"
    }
},
{
    "model": "auth.permission",
    "pk": 3,
    "fields": {
        "name": "Can delete log entry",
        "content_type": 1,
        "codename": "delete_logentry"
    }
},
{
    "model": "auth.permission",
    "pk": 4,
    "fields": {
        "name": "Can add permission",
        "content_type": 2,
        "codename": "add_permission"
    }
},
{
    "model": "auth.permission",
    "pk": 5,
    "fields": {
        "name": "Can change permission",
        "content_type": 2,
        "codename": "change_permission"
    }
},
{
    "model": "auth.permission",
    "pk": 6,
    "fields": {
        "name": "Can delete permission",
        "content_type": 2,
        "codename": "delete_permission"
    }
},
{
    "model": "auth.permission",
    "pk": 7,
    "fields": {
        "name": "Can add group",
        "content_type": 3,
        "codename": "add_group"
    }
},
{
    "model": "auth.permission",
    "pk": 8,
    "fields": {
        "name": "Can change group",
        "content_type": 3,
        "codename": "change_group"
    }
},
{
    "model": "auth.permission",
    "pk": 9,
    "fields": {
        "name": "Can delete group",
        "content_type": 3,
        "codename": "delete_group"
    }
},
{
    "model": "auth.permission",
    "pk": 10,
    "fields": {
        "name": "Can add user",
        "content_type": 4,
        "codename": "add_user"
    }
},
{
    "model": "auth.permission",
    "pk": 11,
    "fields": {
        "name": "Can change user",
        "content_type": 4,
        "codename": "change_user"
    }
},
{
    "model": "auth.permission",
    "pk": 12,
    "fields": {
        "name": "Can delete user",
        "content_type": 4,
        "codename": "delete_user"
    }
},
{
    "model": "auth.permission",
    "pk": 13,
    "fields": {
        "name": "Can add content type",
        "content_type": 5,
        "codename": "add_contenttype"
    }
},
{
    "model": "auth.permission",
    "pk": 14,
    "fields": {
        "name": "Can change content type",
        "content_type": 5,
        "codename": "change_contenttype"
    }
},
{
    "model": "auth.permission",
    "pk": 15,
    "fields": {
        "name": "Can delete content type",
        "content_type": 5,
        "codename": "delete_contenttype"
    }
},
{
    "model": "auth.permission",
    "pk": 16,
    "fields": {
        "name": "Can add session",
        "content_type": 6,
        "codename": "add_session"
    }
},
{
    "model": "auth.permission",
    "pk": 17,
    "fields": {
        "name": "Can change session",
        "content_type": 6,
        "codename": "change_session"
    }
},
{
    "model": "auth.permission",
    "pk": 18,
    "fields": {
        "name": "Can delete session",
        "content_type": 6,
        "codename": "delete_session"
    }
},
{
    "model": "auth.permission",
    "pk": 19,
    "fields": {
        "name": "Can add digital key",
        "content_type": 7,
        "codename": "add_digitalkey"
    }
},
{
    "model": "auth.permission",
    "pk": 20,
    "fields": {
        "name": "Can change digital key",
        "content_type": 7,
        "codename": "change_digitalkey"
    }
},
{
    "model": "auth.permission",
    "pk": 21,
    "fields": {
        "name": "Can delete digital key",
        "content_type": 7,
        "codename": "delete_digitalkey"
    }
},
{
    "model": "auth.permission",
    "pk": 22,
    "fields": {
        "name": "Can add digital key contact",
        "content_type": 8,
        "codename": "add_digitalkeycontact"
    }
},
{
    "model": "auth.permission",
    "pk": 23,
    "fields": {
        "name": "Can change digital key contact",
        "content_type": 8,
        "codename": "change_digitalkeycontact"
    }
},
{
    "model": "auth.permission",
    "pk": 24,
    "fields": {
        "name": "Can delete digital key contact",
        "content_type": 8,
        "codename": "delete_digitalkeycontact"
    }
},
{
    "model": "auth.permission",
    "pk": 25,
    "fields": {
        "name": "Can add key allocation",
        "content_type": 9,
        "codename": "add_keyallocation"
    }
},
{
    "model": "auth.permission",
    "pk": 26,
    "fields": {
        "name": "Can change key allocation",
        "content_type": 9,
        "codename": "change_keyallocation"
    }
},
{
    "model": "auth.permission",
    "pk": 27,
    "fields": {
        "name": "Can delete key allocation",
        "content_type": 9,
        "codename": "delete_keyallocation"
    }
},
{
    "model": "auth.permission",
    "pk": 28,
    "fields": {
        "name": "Can add key type",
        "content_type": 10,
        "codename": "add_keytype"
    }
},
{
    "model": "auth.permission",
    "pk": 29,
    "fields": {
        "name": "Can change key type",
        "content_type": 10,
        "codename": "change_keytype"
    }
},
{
    "model": "auth.permission",
    "pk": 30,
    "fields": {
        "name": "Can delete key type",
        "content_type": 10,
        "codename": "delete_keytype"
    }
},
{
    "model": "auth.permission",
    "pk": 31,
    "fields": {
        "name": "Can add contact info",
        "content_type": 11,
        "codename": "add_contactinfo"
    }
},
{
    "model": "auth.permission",
    "pk": 32,
    "fields": {
        "name": "Can change contact info",
        "content_type": 11,
        "codename": "change_contactinfo"
    }
},
{
    "model": "auth.permission",
    "pk": 33,
    "fields": {
        "name": "Can delete contact info",
        "content_type": 11,
        "codename": "delete_contactinfo"
    }
},
{
    "model": "auth.permission",
    "pk": 34,
    "fields": {
        "name": "Can add contact type",
        "content_type": 12,
        "codename": "add_contacttype"
    }
},
{
    "model": "auth.permission",
    "pk": 35,
    "fields": {
        "name": "Can change contact type",
        "content_type": 12,
        "codename": "change_contacttype"
    }
},
{
    "model": "auth.permission",
    "pk": 36,
    "fields": {
        "name": "Can delete contact type",
        "content_type": 12,
        "codename": "delete_contacttype"
    }
},
{
    "model": "auth.permission",
    "pk": 37,
    "fields": {
        "name": "Can add contragent",
        "content_type": 13,
        "codename": "add_contragent"
    }
},
{
    "model": "auth.permission",
    "pk": 38,
    "fields": {
        "name": "Can change contragent",
        "content_type": 13,
        "codename": "change_contragent"
    }
},
{
    "model": "auth.permission",
    "pk": 39,
    "fields": {
        "name": "Can delete contragent",
        "content_type": 13,
        "codename": "delete_contragent"
    }
},
{
    "model": "auth.user",
    "pk": 1,
    "fields": {
        "password": "pbkdf2_sha256$36000$2oPCv467OcEM$QS5sZCmVCsDSzy9tUXfGHqPW7sc+ss0m1vO65zCv2ag=",
        "last_login": "2017-06-07T19:36:51Z",
        "is_superuser": true,
        "username": "admin",
        "first_name": "",
        "last_name": "",
        "email": "email@test.io",
        "is_staff": true,
        "is_active": true,
        "date_joined": "2017-06-07T19:35:31Z",
        "groups": [],
        "user_permissions": []
    }
},
{
    "model": "admin.logentry",
    "pk": 1,
    "fields": {
        "action_time": "2017-06-07T19:37:23.739Z",
        "user": 1,
        "content_type": 4,
        "object_id": "1",
        "object_repr": "admin",
        "action_flag": 2,
        "change_message": "[{\"changed\": {\"fields\": [\"email\"]}}]"
    }
}
]
