[{"model": "contenttypes.contenttype", "fields": {"app_label": "admin", "model": "logentry"}}, {"model": "contenttypes.contenttype", "fields": {"app_label": "auth", "model": "permission"}}, {"model": "contenttypes.contenttype", "fields": {"app_label": "auth", "model": "group"}}, {"model": "contenttypes.contenttype", "fields": {"app_label": "auth", "model": "user"}}, {"model": "contenttypes.contenttype", "fields": {"app_label": "contenttypes", "model": "contenttype"}}, {"model": "contenttypes.contenttype", "fields": {"app_label": "sessions", "model": "session"}}, {"model": "contenttypes.contenttype", "fields": {"app_label": "digital_key", "model": "keytype"}}, {"model": "contenttypes.contenttype", "fields": {"app_label": "digital_key", "model": "keyassignment"}}, {"model": "contenttypes.contenttype", "fields": {"app_label": "digital_key", "model": "keylocation"}}, {"model": "contenttypes.contenttype", "fields": {"app_label": "digital_key", "model": "digitalkey"}}, {"model": "contenttypes.contenttype", "fields": {"app_label": "employee", "model": "employee"}}, {"model": "contenttypes.contenttype", "fields": {"app_label": "employee", "model": "employeegroup"}}, {"model": "contenttypes.contenttype", "fields": {"app_label": "employee", "model": "contacttype"}}, {"model": "contenttypes.contenttype", "fields": {"app_label": "employee", "model": "contactinfo"}}, {"model": "contenttypes.contenttype", "fields": {"app_label": "cert_center", "model": "certificationcenter"}}, {"model": "contenttypes.contenttype", "fields": {"app_label": "cert_center", "model": "certrequirement"}}, {"model": "contenttypes.contenttype", "fields": {"app_label": "key_manual", "model": "manualtype"}}, {"model": "contenttypes.contenttype", "fields": {"app_label": "key_manual", "model": "manualtag"}}, {"model": "contenttypes.contenttype", "fields": {"app_label": "key_manual", "model": "manual"}}, {"model": "contenttypes.contenttype", "fields": {"app_label": "digital_key", "model": "worksystem"}}, {"model": "sessions.session", "pk": "0rokgmkfotohtx8eswopssccy2vkfue6", "fields": {"session_data": "YzBmMjllNDFkZGQ2NGY3NGI2NjJkNzYwYmQyZDNmOGY4MjFmYmM2MDp7Il9hdXRoX3VzZXJfaWQiOiIzIiwiX2F1dGhfdXNlcl9iYWNrZW5kIjoiZGphbmdvLmNvbnRyaWIuYXV0aC5iYWNrZW5kcy5Nb2RlbEJhY2tlbmQiLCJfYXV0aF91c2VyX2hhc2giOiJkNTQ0MzRhODY5ODg0MWEzMDcxMmQ5NTcwZGUwZjE3ZTlmOWI3OTQ3In0=", "expire_date": "2017-08-01T07:57:21.724Z"}}, {"model": "sessions.session", "pk": "66xpy5ivmu5oy1akvosjzszuu9epmt8y", "fields": {"session_data": "YzBmMjllNDFkZGQ2NGY3NGI2NjJkNzYwYmQyZDNmOGY4MjFmYmM2MDp7Il9hdXRoX3VzZXJfaWQiOiIzIiwiX2F1dGhfdXNlcl9iYWNrZW5kIjoiZGphbmdvLmNvbnRyaWIuYXV0aC5iYWNrZW5kcy5Nb2RlbEJhY2tlbmQiLCJfYXV0aF91c2VyX2hhc2giOiJkNTQ0MzRhODY5ODg0MWEzMDcxMmQ5NTcwZGUwZjE3ZTlmOWI3OTQ3In0=", "expire_date": "2017-07-20T07:41:51.571Z"}}, {"model": "sessions.session", "pk": "bcdvuoms42zxjz4a4m26jzmegdnngkr6", "fields": {"session_data": "YzBmMjllNDFkZGQ2NGY3NGI2NjJkNzYwYmQyZDNmOGY4MjFmYmM2MDp7Il9hdXRoX3VzZXJfaWQiOiIzIiwiX2F1dGhfdXNlcl9iYWNrZW5kIjoiZGphbmdvLmNvbnRyaWIuYXV0aC5iYWNrZW5kcy5Nb2RlbEJhY2tlbmQiLCJfYXV0aF91c2VyX2hhc2giOiJkNTQ0MzRhODY5ODg0MWEzMDcxMmQ5NTcwZGUwZjE3ZTlmOWI3OTQ3In0=", "expire_date": "2017-08-03T16:12:49.950Z"}}, {"model": "sessions.session", "pk": "chgr4wd8qdg115uytq50l4var5dq8slx", "fields": {"session_data": "Yjg0OTcyMmI4OTY2NWU2OTY2ZmI4ODAwOGM0MmQ1NTBhNWY3OTY2Mzp7Il9hdXRoX3VzZXJfaWQiOiIzIiwiX2F1dGhfdXNlcl9iYWNrZW5kIjoiZGphbmdvLmNvbnRyaWIuYXV0aC5iYWNrZW5kcy5Nb2RlbEJhY2tlbmQiLCJfYXV0aF91c2VyX2hhc2giOiI2ZGMxMDgwZGVlZTc2YmMxM2E3NjcxZmNkODkxNjZkYmY4Njg0ZTRkIn0=", "expire_date": "2017-08-08T09:56:59.667Z"}}, {"model": "sessions.session", "pk": "nha107vfv9zz7rfpa6k1i6wrv9iurv5l", "fields": {"session_data": "YzBmMjllNDFkZGQ2NGY3NGI2NjJkNzYwYmQyZDNmOGY4MjFmYmM2MDp7Il9hdXRoX3VzZXJfaWQiOiIzIiwiX2F1dGhfdXNlcl9iYWNrZW5kIjoiZGphbmdvLmNvbnRyaWIuYXV0aC5iYWNrZW5kcy5Nb2RlbEJhY2tlbmQiLCJfYXV0aF91c2VyX2hhc2giOiJkNTQ0MzRhODY5ODg0MWEzMDcxMmQ5NTcwZGUwZjE3ZTlmOWI3OTQ3In0=", "expire_date": "2017-07-18T08:40:47.443Z"}}, {"model": "sessions.session", "pk": "qeikzkbpcqc6zkxzziy65r77pgnsscxc", "fields": {"session_data": "YzBmMjllNDFkZGQ2NGY3NGI2NjJkNzYwYmQyZDNmOGY4MjFmYmM2MDp7Il9hdXRoX3VzZXJfaWQiOiIzIiwiX2F1dGhfdXNlcl9iYWNrZW5kIjoiZGphbmdvLmNvbnRyaWIuYXV0aC5iYWNrZW5kcy5Nb2RlbEJhY2tlbmQiLCJfYXV0aF91c2VyX2hhc2giOiJkNTQ0MzRhODY5ODg0MWEzMDcxMmQ5NTcwZGUwZjE3ZTlmOWI3OTQ3In0=", "expire_date": "2017-07-11T09:05:05.351Z"}}, {"model": "sessions.session", "pk": "rv5muwrzs91wj1vtx9ivat8fkeswiwi4", "fields": {"session_data": "Yjg0OTcyMmI4OTY2NWU2OTY2ZmI4ODAwOGM0MmQ1NTBhNWY3OTY2Mzp7Il9hdXRoX3VzZXJfaWQiOiIzIiwiX2F1dGhfdXNlcl9iYWNrZW5kIjoiZGphbmdvLmNvbnRyaWIuYXV0aC5iYWNrZW5kcy5Nb2RlbEJhY2tlbmQiLCJfYXV0aF91c2VyX2hhc2giOiI2ZGMxMDgwZGVlZTc2YmMxM2E3NjcxZmNkODkxNjZkYmY4Njg0ZTRkIn0=", "expire_date": "2017-08-08T10:06:48.736Z"}}, {"model": "sessions.session", "pk": "xyed88sivhbqh7we1lbcs1t7h52371r9", "fields": {"session_data": "YzBmMjllNDFkZGQ2NGY3NGI2NjJkNzYwYmQyZDNmOGY4MjFmYmM2MDp7Il9hdXRoX3VzZXJfaWQiOiIzIiwiX2F1dGhfdXNlcl9iYWNrZW5kIjoiZGphbmdvLmNvbnRyaWIuYXV0aC5iYWNrZW5kcy5Nb2RlbEJhY2tlbmQiLCJfYXV0aF91c2VyX2hhc2giOiJkNTQ0MzRhODY5ODg0MWEzMDcxMmQ5NTcwZGUwZjE3ZTlmOWI3OTQ3In0=", "expire_date": "2017-07-13T07:56:40.760Z"}}, {"model": "digital_key.keytype", "pk": 69, "fields": {"name": "RuToken S 32K"}}, {"model": "digital_key.keytype", "pk": 70, "fields": {"name": "RuToken 32K"}}, {"model": "digital_key.keytype", "pk": 71, "fields": {"name": "eToken"}}, {"model": "digital_key.keytype", "pk": 72, "fields": {"name": "RuToken S 16K"}}, {"model": "digital_key.keytype", "pk": 73, "fields": {"name": "RuToken"}}, {"model": "digital_key.keytype", "pk": 74, "fields": {"name": "HASP HL"}}, {"model": "digital_key.keytype", "pk": 75, "fields": {"name": "eToken PRO Java 72K"}}, {"model": "digital_key.keytype", "pk": 76, "fields": {"name": "RuToken S 64K"}}, {"model": "digital_key.keytype", "pk": 77, "fields": {"name": "eTocken"}}, {"model": "digital_key.keylocation", "pk": 45, "fields": {"name": "\u0422\u0435\u043d\u0434. \u043a\u0430\u0431.1", "name_full": "", "description": ""}}, {"model": "digital_key.keylocation", "pk": 46, "fields": {"name": "\u0411\u0443\u0445. \u043a\u0430\u0431.2", "name_full": "", "description": ""}}, {"model": "digital_key.keylocation", "pk": 47, "fields": {"name": "\u0411\u0443\u0445. \u043a\u0430\u0431.1", "name_full": "", "description": ""}}, {"model": "digital_key.keylocation", "pk": 48, "fields": {"name": "\u0418\u0422 \u043a\u0430\u0431.2", "name_full": "", "description": ""}}, {"model": "digital_key.keylocation", "pk": 49, "fields": {"name": "\u0418\u0422 \u043a\u0430\u0431.1", "name_full": "", "description": ""}}, {"model": "digital_key.worksystem", "pk": 1, "fields": {"name": "\u0421\u0423\u0424\u0414", "name_full": "", "description": "\u0421\u0423\u0424\u0414-online \u043f\u0440\u0435\u0434\u0441\u0442\u0430\u0432\u043b\u044f\u0435\u0442 \u0441\u043e\u0431\u043e\u0439 WEB-\u043f\u0440\u0438\u043b\u043e\u0436\u0435\u043d\u0438\u0435, \u0434\u043e\u0441\u0442\u0443\u043f\u043d\u043e\u0435 \u0447\u0435\u0440\u0435\u0437 \u0418\u043d\u0442\u0435\u0440\u043d\u0435\u0442, \u043a\u043e\u0442\u043e\u0440\u043e\u0435 \u043f\u043e\u0437\u0432\u043e\u043b\u044f\u0435\u0442 \u043a\u043b\u0438\u0435\u043d\u0442\u0430\u043c \u0424\u0435\u0434\u0435\u0440\u0430\u043b\u044c\u043d\u043e\u0433\u043e \u043a\u0430\u0437\u043d\u0430\u0447\u0435\u0439\u0441\u0442\u0432\u0430 \u0443\u043f\u0440\u0430\u0432\u043b\u044f\u0442\u044c \u0441\u0432\u043e\u0438\u043c\u0438 \u043f\u043b\u0430\u0442\u0435\u0436\u0430\u043c\u0438, \u0444\u0438\u043d\u0430\u043d\u0441\u043e\u0432\u044b\u043c\u0438 \u0434\u043e\u043a\u0443\u043c\u0435\u043d\u0442\u0430\u043c\u0438 \u0438 \u0438\u043c\u0435\u0442\u044c \u0434\u043e\u0441\u0442\u0443\u043f \u043a \u0430\u043a\u0442\u0443\u0430\u043b\u044c\u043d\u043e\u0439 \u043e\u0442\u0447\u0435\u0442\u043d\u043e\u0441\u0442\u0438, \u0441\u0444\u043e\u0440\u043c\u0438\u0440\u043e\u0432\u0430\u043d\u043d\u043e\u0439 \u0432 \u0430\u0432\u0442\u043e\u043c\u0430\u0442\u0438\u0437\u0438\u0440\u043e\u0432\u0430\u043d\u043d\u043e\u0439 \u0441\u0438\u0441\u0442\u0435\u043c\u0435 \u0424\u0435\u0434\u0435\u0440\u0430\u043b\u044c\u043d\u043e\u0433\u043e \u043a\u0430\u0437\u043d\u0430\u0447\u0435\u0439\u0441\u0442\u0432\u0430 (\u0410\u0421\u0424\u041a)", "link": "http://moscow.roskazna.ru/gis/sufd-onlajn/"}}, {"model": "digital_key.worksystem", "pk": 2, "fields": {"name": "\u042d\u043b\u0435\u043a\u0442\u0440\u043e\u043d\u043d\u044b\u0439 \u0431\u044e\u0434\u0436\u0435\u0442", "name_full": "", "description": "", "link": "http://moscow.roskazna.ru/gis/eb/"}}, {"model": "digital_key.keyassignment", "pk": 109, "fields": {"name": "\u041c\u0438\u043d\u0437\u0434\u0440\u0430\u0432", "name_full": "", "description": "", "work_systems": []}}, {"model": "digital_key.keyassignment", "pk": 110, "fields": {"name": "\u0410\u043a\u043a\u0440\u0435\u0434\u0438\u0442\u0430\u0446\u0438\u044f", "name_full": "", "description": "", "work_systems": []}}, {"model": "digital_key.keyassignment", "pk": 111, "fields": {"name": "\u0410\u0412\u0421", "name_full": "", "description": "", "work_systems": []}}, {"model": "digital_key.keyassignment", "pk": 112, "fields": {"name": "\u0420\u0435\u0435\u0441\u0442\u0440 \u043e\u0440\u0433\u0430\u043d\u0438\u0437\u0430\u0446\u0438\u0439", "name_full": "", "description": "", "work_systems": []}}, {"model": "digital_key.keyassignment", "pk": 113, "fields": {"name": "\u0421\u0411\u0418\u0421", "name_full": "", "description": "", "work_systems": []}}, {"model": "digital_key.keyassignment", "pk": 114, "fields": {"name": "\u0413\u043e\u0441\u0443\u0441\u043b\u0443\u0433\u0438", "name_full": "", "description": "", "work_systems": []}}, {"model": "digital_key.keyassignment", "pk": 115, "fields": {"name": "\u041a\u043e\u043d\u0442\u0443\u0440", "name_full": "", "description": "", "work_systems": []}}, {"model": "digital_key.keyassignment", "pk": 116, "fields": {"name": "\u0412\u0410\u041a", "name_full": "", "description": "", "work_systems": []}}, {"model": "digital_key.keyassignment", "pk": 117, "fields": {"name": "\u041e\u041c\u0421", "name_full": "", "description": "", "work_systems": []}}, {"model": "digital_key.keyassignment", "pk": 120, "fields": {"name": "\u0421\u0423\u0424\u0414", "name_full": "", "description": "", "work_systems": []}}, {"model": "digital_key.keyassignment", "pk": 121, "fields": {"name": "\u0417\u0430\u043a\u0443\u043f\u043a\u0438 44 \u0424\u0417", "name_full": "", "description": "", "work_systems": []}}, {"model": "digital_key.keyassignment", "pk": 122, "fields": {"name": "\u0417\u0430\u043a\u0443\u043f\u043a\u0438 223 \u0424\u0417", "name_full": "", "description": "", "work_systems": []}}, {"model": "digital_key.digitalkey", "pk": 169, "fields": {"name": "Flash_01", "name_full": "", "serial": "1234-xxx-01", "description": "\u041e\u043f\u0438\u0441\u0430\u043d\u0438\u0435 \u043a\u043b\u044e\u0447\u0430 1", "cert_num": "", "pin_user": "", "pin_admin": "", "pin_container": "", "date_begin": "2017-07-20", "date_expire": "2017-09-22", "date_checked": null, "renewal_time": 9, "type": 76, "assignment": 115, "location": 47, "cert_holder": 148, "key_receiver": null, "employee_group": null, "cert_center": 15, "copy_of": null, "work_systems": [1]}}, {"model": "digital_key.digitalkey", "pk": 170, "fields": {"name": "eTocken_01", "name_full": "", "serial": "1234-xxx-03", "description": "\u041e\u043f\u0438\u0441\u0430\u043d\u0438\u0435 \u043a\u043b\u044e\u0447\u0430 2", "cert_num": "", "pin_user": "", "pin_admin": "", "pin_container": "", "date_begin": "2017-07-17", "date_expire": "2017-10-13", "date_checked": null, "renewal_time": 6, "type": 71, "assignment": 110, "location": 47, "cert_holder": 139, "key_receiver": null, "employee_group": null, "cert_center": 15, "copy_of": null, "work_systems": [1, 2]}}, {"model": "digital_key.digitalkey", "pk": 171, "fields": {"name": "Flash_02", "name_full": "", "serial": "1234-xxx-05", "description": "\u041e\u043f\u0438\u0441\u0430\u043d\u0438\u0435 \u043a\u043b\u044e\u0447\u0430 3", "cert_num": "", "pin_user": "", "pin_admin": "", "pin_container": "", "date_begin": "2017-07-17", "date_expire": "2017-08-20", "date_checked": null, "renewal_time": 8, "type": 71, "assignment": 112, "location": 49, "cert_holder": 140, "key_receiver": null, "employee_group": null, "cert_center": 15, "copy_of": null, "work_systems": [2]}}, {"model": "digital_key.digitalkey", "pk": 172, "fields": {"name": "eTocken_02", "name_full": "", "serial": "1234-xxx-07", "description": "\u041e\u043f\u0438\u0441\u0430\u043d\u0438\u0435 \u043a\u043b\u044e\u0447\u0430 4", "cert_num": "", "pin_user": "", "pin_admin": "", "pin_container": "", "date_begin": "2017-07-16", "date_expire": "2017-08-15", "date_checked": null, "renewal_time": 15, "type": 72, "assignment": 121, "location": 46, "cert_holder": 148, "key_receiver": 152, "employee_group": null, "cert_center": 16, "copy_of": null, "work_systems": [1]}}, {"model": "digital_key.digitalkey", "pk": 173, "fields": {"name": "Flash_03", "name_full": "", "serial": "1234-xxx-09", "description": "\u041e\u043f\u0438\u0441\u0430\u043d\u0438\u0435 \u043a\u043b\u044e\u0447\u0430 5", "cert_num": "", "pin_user": "", "pin_admin": "", "pin_container": "", "date_begin": "2017-07-15", "date_expire": "2017-08-15", "date_checked": null, "renewal_time": 8, "type": 70, "assignment": 120, "location": 47, "cert_holder": 144, "key_receiver": 138, "employee_group": null, "cert_center": 14, "copy_of": null, "work_systems": [1, 2]}}, {"model": "digital_key.digitalkey", "pk": 174, "fields": {"name": "eTocken_03", "name_full": "", "serial": "1234-xxx-11", "description": "\u041e\u043f\u0438\u0441\u0430\u043d\u0438\u0435 \u043a\u043b\u044e\u0447\u0430 6", "cert_num": "1", "pin_user": "", "pin_admin": "", "pin_container": "", "date_begin": "2017-07-15", "date_expire": "2017-09-26", "date_checked": "2017-07-25", "renewal_time": 8, "type": 72, "assignment": 115, "location": 47, "cert_holder": 148, "key_receiver": 140, "employee_group": null, "cert_center": 18, "copy_of": null, "work_systems": [2]}}, {"model": "digital_key.digitalkey", "pk": 175, "fields": {"name": "ruTocken_01", "name_full": "", "serial": "1234-xxx-13", "description": "\u041e\u043f\u0438\u0441\u0430\u043d\u0438\u0435 \u043a\u043b\u044e\u0447\u0430 7", "cert_num": "", "pin_user": "", "pin_admin": "", "pin_container": "", "date_begin": "2017-07-17", "date_expire": "2017-09-19", "date_checked": null, "renewal_time": 15, "type": 73, "assignment": 110, "location": 48, "cert_holder": 147, "key_receiver": 139, "employee_group": null, "cert_center": 18, "copy_of": null, "work_systems": [1, 2]}}, {"model": "digital_key.digitalkey", "pk": 176, "fields": {"name": "ruTocken_02", "name_full": "", "serial": "1234-xxx-15", "description": "\u041e\u043f\u0438\u0441\u0430\u043d\u0438\u0435 \u043a\u043b\u044e\u0447\u0430 8", "cert_num": "", "pin_user": "", "pin_admin": "", "pin_container": "", "date_begin": "2017-07-19", "date_expire": "2017-08-25", "date_checked": "2017-07-25", "renewal_time": 5, "type": 77, "assignment": 109, "location": 47, "cert_holder": 154, "key_receiver": 142, "employee_group": null, "cert_center": 16, "copy_of": null, "work_systems": [1]}}, {"model": "digital_key.digitalkey", "pk": 177, "fields": {"name": "eTocken_04", "name_full": "", "serial": "1234-xxx-17", "description": "\u041e\u043f\u0438\u0441\u0430\u043d\u0438\u0435 \u043a\u043b\u044e\u0447\u0430 9", "cert_num": "", "pin_user": "", "pin_admin": "", "pin_container": "", "date_begin": "2017-07-19", "date_expire": "2017-08-09", "date_checked": null, "renewal_time": 5, "type": 74, "assignment": 111, "location": 45, "cert_holder": 143, "key_receiver": 143, "employee_group": null, "cert_center": 15, "copy_of": null, "work_systems": [1, 2]}}, {"model": "digital_key.digitalkey", "pk": 178, "fields": {"name": "eTocken_05", "name_full": "", "serial": "1234-xxx-19", "description": "\u041e\u043f\u0438\u0441\u0430\u043d\u0438\u0435 \u043a\u043b\u044e\u0447\u0430 10", "cert_num": "", "pin_user": "", "pin_admin": "", "pin_container": "", "date_begin": "2017-07-20", "date_expire": "2017-10-05", "date_checked": null, "renewal_time": 12, "type": 74, "assignment": 113, "location": 49, "cert_holder": 147, "key_receiver": null, "employee_group": null, "cert_center": 14, "copy_of": null, "work_systems": [1]}}, {"model": "digital_key.digitalkey", "pk": 179, "fields": {"name": "eTocken_06", "name_full": "", "serial": "1234-xxx-21", "description": "\u041e\u043f\u0438\u0441\u0430\u043d\u0438\u0435 \u043a\u043b\u044e\u0447\u0430 11", "cert_num": "123", "pin_user": "", "pin_admin": "", "pin_container": "", "date_begin": "2017-07-16", "date_expire": "2017-09-27", "date_checked": "2017-07-01", "renewal_time": 13, "type": 73, "assignment": 116, "location": 48, "cert_holder": 152, "key_receiver": null, "employee_group": 17, "cert_center": 17, "copy_of": null, "work_systems": [1, 2]}}, {"model": "digital_key.digitalkey", "pk": 180, "fields": {"name": "ruTocken_03", "name_full": "", "serial": "1234-xxx-23", "description": "\u041e\u043f\u0438\u0441\u0430\u043d\u0438\u0435 \u043a\u043b\u044e\u0447\u0430 12", "cert_num": "", "pin_user": "", "pin_admin": "", "pin_container": "", "date_begin": "2017-07-20", "date_expire": "2017-09-17", "date_checked": null, "renewal_time": 10, "type": 77, "assignment": 111, "location": 49, "cert_holder": 147, "key_receiver": null, "employee_group": null, "cert_center": 16, "copy_of": null, "work_systems": [1]}}, {"model": "digital_key.digitalkey", "pk": 181, "fields": {"name": "eTocken_07", "name_full": "", "serial": "1234-xxx-25", "description": "\u041e\u043f\u0438\u0441\u0430\u043d\u0438\u0435 \u043a\u043b\u044e\u0447\u0430 13", "cert_num": "", "pin_user": "", "pin_admin": "", "pin_container": "", "date_begin": "2017-07-18", "date_expire": "2017-08-16", "date_checked": null, "renewal_time": 9, "type": 75, "assignment": 111, "location": 49, "cert_holder": 151, "key_receiver": null, "employee_group": null, "cert_center": 14, "copy_of": null, "work_systems": [1]}}, {"model": "digital_key.digitalkey", "pk": 182, "fields": {"name": "Flash_04", "name_full": "", "serial": "1234-xxx-27", "description": "\u041e\u043f\u0438\u0441\u0430\u043d\u0438\u0435 \u043a\u043b\u044e\u0447\u0430 14", "cert_num": "", "pin_user": "", "pin_admin": "", "pin_container": "", "date_begin": "2017-07-20", "date_expire": "2017-10-07", "date_checked": null, "renewal_time": 15, "type": 74, "assignment": 121, "location": 49, "cert_holder": 140, "key_receiver": null, "employee_group": null, "cert_center": 16, "copy_of": null, "work_systems": [1, 2]}}, {"model": "digital_key.digitalkey", "pk": 183, "fields": {"name": "Flash_05", "name_full": "", "serial": "1234-xxx-29", "description": "\u041e\u043f\u0438\u0441\u0430\u043d\u0438\u0435 \u043a\u043b\u044e\u0447\u0430 15", "cert_num": "", "pin_user": "", "pin_admin": "", "pin_container": "", "date_begin": "2017-07-20", "date_expire": "2017-10-19", "date_checked": null, "renewal_time": 9, "type": 73, "assignment": 111, "location": 49, "cert_holder": 142, "key_receiver": 144, "employee_group": null, "cert_center": 14, "copy_of": 179, "work_systems": [1]}}, {"model": "digital_key.digitalkey", "pk": 184, "fields": {"name": "eTocken_08", "name_full": "", "serial": "1234-xxx-31", "description": "\u041e\u043f\u0438\u0441\u0430\u043d\u0438\u0435 \u043a\u043b\u044e\u0447\u0430 16", "cert_num": "", "pin_user": "", "pin_admin": "", "pin_container": "", "date_begin": "2017-07-18", "date_expire": "2017-08-21", "date_checked": null, "renewal_time": 12, "type": 71, "assignment": 113, "location": 45, "cert_holder": 148, "key_receiver": 152, "employee_group": null, "cert_center": 18, "copy_of": 179, "work_systems": [2]}}, {"model": "digital_key.digitalkey", "pk": 185, "fields": {"name": "ruTocken_04", "name_full": "", "serial": "1234-xxx-33", "description": "\u041e\u043f\u0438\u0441\u0430\u043d\u0438\u0435 \u043a\u043b\u044e\u0447\u0430 17", "cert_num": "", "pin_user": "", "pin_admin": "", "pin_container": "", "date_begin": "2017-07-15", "date_expire": "2017-08-16", "date_checked": null, "renewal_time": 10, "type": 71, "assignment": 115, "location": 48, "cert_holder": 154, "key_receiver": null, "employee_group": null, "cert_center": 14, "copy_of": null, "work_systems": [1, 2]}}, {"model": "digital_key.digitalkey", "pk": 186, "fields": {"name": "ruTocken_05", "name_full": "", "serial": "1234-xxx-35", "description": "\u041e\u043f\u0438\u0441\u0430\u043d\u0438\u0435 \u043a\u043b\u044e\u0447\u0430 18", "cert_num": "", "pin_user": "", "pin_admin": "", "pin_container": "", "date_begin": "2017-07-20", "date_expire": "2017-09-27", "date_checked": null, "renewal_time": 12, "type": 75, "assignment": 121, "location": 48, "cert_holder": 143, "key_receiver": 140, "employee_group": null, "cert_center": 18, "copy_of": null, "work_systems": [2]}}, {"model": "digital_key.digitalkey", "pk": 187, "fields": {"name": "eTocken_09", "name_full": "", "serial": "1234-xxx-37", "description": "\u041e\u043f\u0438\u0441\u0430\u043d\u0438\u0435 \u043a\u043b\u044e\u0447\u0430 19", "cert_num": "", "pin_user": "", "pin_admin": "", "pin_container": "", "date_begin": "2017-07-19", "date_expire": "2017-10-07", "date_checked": null, "renewal_time": 14, "type": 69, "assignment": 113, "location": 46, "cert_holder": 152, "key_receiver": 139, "employee_group": null, "cert_center": 16, "copy_of": null, "work_systems": [2]}}, {"model": "digital_key.digitalkey", "pk": 188, "fields": {"name": "ruTocken_06", "name_full": "", "serial": "1234-xxx-39", "description": "\u041e\u043f\u0438\u0441\u0430\u043d\u0438\u0435 \u043a\u043b\u044e\u0447\u0430 20", "cert_num": "", "pin_user": "", "pin_admin": "", "pin_container": "", "date_begin": "2017-07-20", "date_expire": "2017-09-21", "date_checked": null, "renewal_time": 12, "type": 71, "assignment": 120, "location": 46, "cert_holder": 144, "key_receiver": 151, "employee_group": null, "cert_center": 18, "copy_of": null, "work_systems": [1, 2]}}, {"model": "digital_key.digitalkey", "pk": 189, "fields": {"name": "eTocken_10", "name_full": "", "serial": "1234-xxx-41", "description": "\u041e\u043f\u0438\u0441\u0430\u043d\u0438\u0435 \u043a\u043b\u044e\u0447\u0430 21", "cert_num": "", "pin_user": "", "pin_admin": "", "pin_container": "", "date_begin": "2017-07-17", "date_expire": "2017-08-23", "date_checked": null, "renewal_time": 8, "type": 74, "assignment": 116, "location": 48, "cert_holder": 143, "key_receiver": 153, "employee_group": null, "cert_center": 16, "copy_of": null, "work_systems": [1, 2]}}, {"model": "digital_key.digitalkey", "pk": 190, "fields": {"name": "Flash_06", "name_full": "", "serial": "1234-xxx-43", "description": "\u041e\u043f\u0438\u0441\u0430\u043d\u0438\u0435 \u043a\u043b\u044e\u0447\u0430 22", "cert_num": "", "pin_user": "", "pin_admin": "", "pin_container": "", "date_begin": "2017-07-15", "date_expire": "2017-09-23", "date_checked": null, "renewal_time": 10, "type": 76, "assignment": 113, "location": 48, "cert_holder": 142, "key_receiver": 147, "employee_group": null, "cert_center": 15, "copy_of": null, "work_systems": [2]}}, {"model": "digital_key.digitalkey", "pk": 191, "fields": {"name": "Flash_07", "name_full": "", "serial": "1234-xxx-45", "description": "\u041e\u043f\u0438\u0441\u0430\u043d\u0438\u0435 \u043a\u043b\u044e\u0447\u0430 23", "cert_num": "", "pin_user": "", "pin_admin": "", "pin_container": "", "date_begin": "2017-07-17", "date_expire": "2017-10-20", "date_checked": null, "renewal_time": 5, "type": 76, "assignment": 114, "location": 46, "cert_holder": 138, "key_receiver": null, "employee_group": null, "cert_center": 14, "copy_of": null, "work_systems": [1]}}, {"model": "digital_key.digitalkey", "pk": 192, "fields": {"name": "Flash_08", "name_full": "", "serial": "1234-xxx-47", "description": "\u041e\u043f\u0438\u0441\u0430\u043d\u0438\u0435 \u043a\u043b\u044e\u0447\u0430 24", "cert_num": "", "pin_user": "", "pin_admin": "", "pin_container": "", "date_begin": "2017-07-18", "date_expire": "2017-09-02", "date_checked": null, "renewal_time": 5, "type": 76, "assignment": 109, "location": 45, "cert_holder": 138, "key_receiver": 141, "employee_group": null, "cert_center": 14, "copy_of": null, "work_systems": [1, 2]}}, {"model": "digital_key.digitalkey", "pk": 193, "fields": {"name": "ruTocken_07", "name_full": "", "serial": "1234-xxx-49", "description": "\u041e\u043f\u0438\u0441\u0430\u043d\u0438\u0435 \u043a\u043b\u044e\u0447\u0430 25", "cert_num": "", "pin_user": "", "pin_admin": "", "pin_container": "", "date_begin": "2017-07-19", "date_expire": "2017-08-24", "date_checked": null, "renewal_time": 10, "type": 75, "assignment": 112, "location": 47, "cert_holder": 139, "key_receiver": 145, "employee_group": null, "cert_center": 17, "copy_of": null, "work_systems": [1]}}, {"model": "digital_key.digitalkey", "pk": 194, "fields": {"name": "Flash_09", "name_full": "", "serial": "1234-xxx-51", "description": "\u041e\u043f\u0438\u0441\u0430\u043d\u0438\u0435 \u043a\u043b\u044e\u0447\u0430 26", "cert_num": "", "pin_user": "", "pin_admin": "", "pin_container": "", "date_begin": "2017-07-20", "date_expire": "2017-08-31", "date_checked": null, "renewal_time": 11, "type": 76, "assignment": 120, "location": 49, "cert_holder": 149, "key_receiver": 149, "employee_group": null, "cert_center": 15, "copy_of": null, "work_systems": [2]}}, {"model": "digital_key.digitalkey", "pk": 195, "fields": {"name": "Flash_10", "name_full": "", "serial": "1234-xxx-53", "description": "\u041e\u043f\u0438\u0441\u0430\u043d\u0438\u0435 \u043a\u043b\u044e\u0447\u0430 27", "cert_num": "", "pin_user": "", "pin_admin": "", "pin_container": "", "date_begin": "2017-07-19", "date_expire": "2017-10-09", "date_checked": null, "renewal_time": 10, "type": 75, "assignment": 115, "location": 47, "cert_holder": 153, "key_receiver": 156, "employee_group": null, "cert_center": 15, "copy_of": null, "work_systems": [1]}}, {"model": "digital_key.digitalkey", "pk": 196, "fields": {"name": "ruTocken_08", "name_full": "", "serial": "1234-xxx-55", "description": "\u041e\u043f\u0438\u0441\u0430\u043d\u0438\u0435 \u043a\u043b\u044e\u0447\u0430 28", "cert_num": "", "pin_user": "", "pin_admin": "", "pin_container": "", "date_begin": "2017-07-17", "date_expire": "2017-09-21", "date_checked": null, "renewal_time": 13, "type": 76, "assignment": 111, "location": 46, "cert_holder": 139, "key_receiver": 156, "employee_group": null, "cert_center": 14, "copy_of": null, "work_systems": [2]}}, {"model": "digital_key.digitalkey", "pk": 198, "fields": {"name": "ruTocken_09", "name_full": "", "serial": "1234-xxx-57", "description": "\u041e\u043f\u0438\u0441\u0430\u043d\u0438\u0435 \u043a\u043b\u044e\u0447\u0430 30", "cert_num": "", "pin_user": "", "pin_admin": "", "pin_container": "", "date_begin": "2017-07-18", "date_expire": "2017-09-10", "date_checked": null, "renewal_time": 14, "type": 72, "assignment": 122, "location": 46, "cert_holder": 146, "key_receiver": 153, "employee_group": null, "cert_center": 17, "copy_of": null, "work_systems": [2]}}, {"model": "digital_key.digitalkey", "pk": 199, "fields": {"name": "eTocken_11", "name_full": "", "serial": "1234-xxx-59", "description": "\u041e\u043f\u0438\u0441\u0430\u043d\u0438\u0435 \u043a\u043b\u044e\u0447\u0430 31", "cert_num": "", "pin_user": "", "pin_admin": "", "pin_container": "", "date_begin": "2017-07-15", "date_expire": "2017-09-29", "date_checked": null, "renewal_time": 13, "type": 72, "assignment": 121, "location": 49, "cert_holder": 152, "key_receiver": null, "employee_group": null, "cert_center": 15, "copy_of": null, "work_systems": [1, 2]}}, {"model": "digital_key.digitalkey", "pk": 200, "fields": {"name": "Flash_11", "name_full": "", "serial": "1234-xxx-61", "description": "\u041e\u043f\u0438\u0441\u0430\u043d\u0438\u0435 \u043a\u043b\u044e\u0447\u0430 32", "cert_num": "", "pin_user": "", "pin_admin": "", "pin_container": "", "date_begin": "2017-07-19", "date_expire": "2017-09-02", "date_checked": null, "renewal_time": 15, "type": 77, "assignment": 121, "location": 46, "cert_holder": 140, "key_receiver": null, "employee_group": null, "cert_center": 14, "copy_of": null, "work_systems": [1]}}, {"model": "digital_key.digitalkey", "pk": 201, "fields": {"name": "Flash_12", "name_full": "", "serial": "1234-xxx-63", "description": "\u041e\u043f\u0438\u0441\u0430\u043d\u0438\u0435 \u043a\u043b\u044e\u0447\u0430 33", "cert_num": "", "pin_user": "", "pin_admin": "", "pin_container": "", "date_begin": "2017-07-17", "date_expire": "2017-09-15", "date_checked": null, "renewal_time": 10, "type": 75, "assignment": 111, "location": 48, "cert_holder": 143, "key_receiver": null, "employee_group": null, "cert_center": 18, "copy_of": null, "work_systems": [1, 2]}}, {"model": "digital_key.digitalkey", "pk": 202, "fields": {"name": "eTocken_12", "name_full": "", "serial": "1234-xxx-65", "description": "\u041e\u043f\u0438\u0441\u0430\u043d\u0438\u0435 \u043a\u043b\u044e\u0447\u0430 34", "cert_num": "", "pin_user": "", "pin_admin": "", "pin_container": "", "date_begin": "2017-07-15", "date_expire": "2017-10-07", "date_checked": null, "renewal_time": 15, "type": 76, "assignment": 120, "location": 47, "cert_holder": 153, "key_receiver": null, "employee_group": null, "cert_center": 14, "copy_of": null, "work_systems": [1, 2]}}, {"model": "digital_key.digitalkey", "pk": 203, "fields": {"name": "eTocken_13", "name_full": "", "serial": "1234-xxx-67", "description": "\u041e\u043f\u0438\u0441\u0430\u043d\u0438\u0435 \u043a\u043b\u044e\u0447\u0430 35", "cert_num": "", "pin_user": "", "pin_admin": "", "pin_container": "", "date_begin": "2017-07-20", "date_expire": "2017-10-16", "date_checked": null, "renewal_time": 10, "type": 69, "assignment": 112, "location": 49, "cert_holder": 141, "key_receiver": null, "employee_group": null, "cert_center": 17, "copy_of": null, "work_systems": [1, 2]}}, {"model": "digital_key.digitalkey", "pk": 204, "fields": {"name": "eTocken_14", "name_full": "", "serial": "1234-xxx-69", "description": "\u041e\u043f\u0438\u0441\u0430\u043d\u0438\u0435 \u043a\u043b\u044e\u0447\u0430 36", "cert_num": "", "pin_user": "", "pin_admin": "", "pin_container": "", "date_begin": "2017-07-19", "date_expire": "2017-09-27", "date_checked": null, "renewal_time": 12, "type": 72, "assignment": 122, "location": 45, "cert_holder": 149, "key_receiver": null, "employee_group": null, "cert_center": 18, "copy_of": null, "work_systems": [1, 2]}}, {"model": "digital_key.digitalkey", "pk": 205, "fields": {"name": "ruTocken_10", "name_full": "", "serial": "1234-xxx-71", "description": "\u041e\u043f\u0438\u0441\u0430\u043d\u0438\u0435 \u043a\u043b\u044e\u0447\u0430 37", "cert_num": "", "pin_user": "", "pin_admin": "", "pin_container": "", "date_begin": "2017-07-16", "date_expire": "2017-08-28", "date_checked": null, "renewal_time": 15, "type": 70, "assignment": 121, "location": 45, "cert_holder": 153, "key_receiver": null, "employee_group": null, "cert_center": 15, "copy_of": null, "work_systems": [1, 2]}}, {"model": "employee.employee", "pk": 138, "fields": {"name": "\u0422\u0440\u0430\u0432\u043a\u0438\u043d \u0422.\u0422.", "name_full": "", "description": ""}}, {"model": "employee.employee", "pk": 139, "fields": {"name": "\u041a\u0443\u043a\u0443\u0448\u043a\u0438\u043d\u0430 \u041a.\u041a.", "name_full": "", "description": ""}}, {"model": "employee.employee", "pk": 140, "fields": {"name": "\u0411\u0435\u0440\u0435\u0437\u043a\u0438\u043d \u0411.\u0411.", "name_full": "", "description": ""}}, {"model": "employee.employee", "pk": 141, "fields": {"name": "\u0421\u043e\u0441\u043d\u043e\u0432 \u0421.\u0421.", "name_full": "", "description": ""}}, {"model": "employee.employee", "pk": 142, "fields": {"name": "\u0417\u0430\u0439\u0446\u0435\u0432\u0430 \u0417.\u0417.", "name_full": "", "description": ""}}, {"model": "employee.employee", "pk": 143, "fields": {"name": "\u0421\u0435\u043c\u0435\u0447\u043a\u0438\u043d\u0430 \u0421.\u0421.", "name_full": "", "description": ""}}, {"model": "employee.employee", "pk": 144, "fields": {"name": "\u0427\u0435\u0440\u0435\u0448\u043d\u0435\u0432\u0430 \u0427.\u0427.", "name_full": "", "description": ""}}, {"model": "employee.employee", "pk": 145, "fields": {"name": "\u041b\u0438\u0441\u0438\u0446\u0438\u043d \u041b.\u041b.", "name_full": "", "description": ""}}, {"model": "employee.employee", "pk": 146, "fields": {"name": "\u0413\u0440\u0438\u0431\u043d\u0438\u043a\u043e\u0432\u0430 \u0413.\u0413.", "name_full": "", "description": ""}}, {"model": "employee.employee", "pk": 147, "fields": {"name": "\u041a\u0430\u0440\u043a\u0443\u0448\u0438\u043d \u041a.\u041a.", "name_full": "", "description": ""}}, {"model": "employee.employee", "pk": 148, "fields": {"name": "\u0414\u0443\u0431\u043e\u0432 \u0414.\u0414.", "name_full": "", "description": ""}}, {"model": "employee.employee", "pk": 149, "fields": {"name": "\u041f\u043e\u043b\u044f\u043d\u043e\u0432\u0430 \u041f.\u041f.", "name_full": "", "description": ""}}, {"model": "employee.employee", "pk": 151, "fields": {"name": "\u0424\u0438\u043b\u0438\u043d\u043e\u0432\u0430 \u0424.\u0424.", "name_full": "", "description": ""}}, {"model": "employee.employee", "pk": 152, "fields": {"name": "\u041c\u0443\u0440\u0430\u0432\u044c\u0435\u0432 \u041c.\u041c.", "name_full": "", "description": ""}}, {"model": "employee.employee", "pk": 153, "fields": {"name": "\u0421\u0442\u0440\u0435\u043b\u043a\u043e\u0432\u0430 \u0421.\u0421.", "name_full": "", "description": ""}}, {"model": "employee.employee", "pk": 154, "fields": {"name": "\u0418\u0432\u0430\u043d\u043e\u0432\u0430 \u0418.\u0418.", "name_full": "", "description": ""}}, {"model": "employee.employee", "pk": 156, "fields": {"name": "\u041f\u0435\u0442\u0440\u043e\u0432\u0430 \u041f.\u041f.", "name_full": "", "description": ""}}, {"model": "employee.employeegroup", "pk": 17, "fields": {"name": "\u0422\u0435\u043d\u0434\u0435\u0440\u043d\u0430\u044f \u0433\u0440\u0443\u043f\u043f\u0430", "name_full": "", "description": "", "members": [153]}}, {"model": "employee.employeegroup", "pk": 18, "fields": {"name": "\u041f\u042d\u041e", "name_full": "", "description": "", "members": []}}, {"model": "employee.employeegroup", "pk": 19, "fields": {"name": "\u0411\u0443\u0445\u0433\u0430\u043b\u0442\u0435\u0440\u0438\u044f", "name_full": "", "description": "", "members": []}}, {"model": "employee.contacttype", "pk": 15, "fields": {"name": "\u043f\u043e\u0447\u0442\u0430"}}, {"model": "employee.contacttype", "pk": 16, "fields": {"name": "\u0442\u0435\u043b\u0435\u0444\u043e\u043d"}}, {"model": "employee.contactinfo", "pk": 15, "fields": {"type": 15, "value": "test@mail.ip", "employee": 141}}, {"model": "employee.contactinfo", "pk": 16, "fields": {"type": 16, "value": "123 456 890", "employee": 153}}, {"model": "employee.contactinfo", "pk": 17, "fields": {"type": 16, "value": "123 456 789 10", "employee": 141}}, {"model": "cert_center.certificationcenter", "pk": 14, "fields": {"name": "\u0423\u04265", "name_full": "", "link": "", "description": "\u0423\u0434\u043e\u0441\u0442\u043e\u0432\u0435\u0440\u044f\u044e\u0449\u0438\u0439 \u0446\u0435\u043d\u0442\u0440 5"}}, {"model": "cert_center.certificationcenter", "pk": 15, "fields": {"name": "\u0423\u04262", "name_full": "", "link": "", "description": "\u0423\u0434\u043e\u0441\u0442\u043e\u0432\u0435\u0440\u044f\u044e\u0449\u0438\u0439 \u0446\u0435\u043d\u0442\u0440 2"}}, {"model": "cert_center.certificationcenter", "pk": 16, "fields": {"name": "\u0423\u04264", "name_full": "", "link": "", "description": "\u0423\u0434\u043e\u0441\u0442\u043e\u0432\u0435\u0440\u044f\u044e\u0449\u0438\u0439 \u0446\u0435\u043d\u0442\u0440 4"}}, {"model": "cert_center.certificationcenter", "pk": 17, "fields": {"name": "\u0423\u04261", "name_full": "", "link": "", "description": "\u0423\u0434\u043e\u0441\u0442\u043e\u0432\u0435\u0440\u044f\u044e\u0449\u0438\u0439 \u0446\u0435\u043d\u0442\u0440 1"}}, {"model": "cert_center.certificationcenter", "pk": 18, "fields": {"name": "\u0423\u04263", "name_full": "", "link": "", "description": "\u0423\u0434\u043e\u0441\u0442\u043e\u0432\u0435\u0440\u044f\u044e\u0449\u0438\u0439 \u0446\u0435\u043d\u0442\u0440 3"}}, {"model": "cert_center.certrequirement", "pk": 3, "fields": {"name": "\u041d\u043e\u0440\u043c\u0430\u0442\u0438\u0432\u043d\u044b\u0435 \u0434\u043e\u043a\u0443\u043c\u0435\u043d\u0442\u044b", "name_full": "", "link": "", "description": "", "actual_date": "2017-04-06", "center": 17}}, {"model": "key_manual.manualtype", "pk": 4, "fields": {"name": "\u0410\u0434\u043c\u0438\u043d\u0438\u0441\u0442\u0440\u0438\u0440\u043e\u0432\u0430\u043d\u0438\u0435", "description": ""}}, {"model": "key_manual.manualtype", "pk": 5, "fields": {"name": "\u0423\u0426", "description": ""}}, {"model": "key_manual.manualtype", "pk": 6, "fields": {"name": "\u042d\u043b\u0435\u043a\u0442\u0440\u043e\u043d\u043d\u044b\u0439 \u0431\u044e\u0434\u0436\u0435\u0442", "description": ""}}, {"model": "key_manual.manualtype", "pk": 7, "fields": {"name": "\u0421\u0423\u0424\u0414", "description": ""}}, {"model": "key_manual.manualtag", "pk": 1, "fields": {"name": "\u0423\u0441\u0442\u0430\u043d\u043e\u0432\u043a\u0430"}}, {"model": "key_manual.manualtag", "pk": 2, "fields": {"name": "\u041d\u0430\u0441\u0442\u0440\u043e\u0439\u043a\u0430"}}, {"model": "key_manual.manualtag", "pk": 3, "fields": {"name": "\u041f\u043e\u043b\u0443\u0447\u0435\u043d\u0438\u0435"}}, {"model": "key_manual.manualtag", "pk": 4, "fields": {"name": "\u041f\u043e\u0434\u043a\u043b\u044e\u0447\u0435\u043d\u0438\u0435"}}, {"model": "key_manual.manual", "pk": 3, "fields": {"name": "\u042d\u0442\u0430\u043f\u044b \u043f\u043e\u043b\u0443\u0447\u0435\u043d\u0438\u044f \u0441\u0435\u0440\u0442\u0438\u0444\u0438\u043a\u0430\u0442\u043e\u0432", "name_full": "", "content": "\u041a\u0440\u0430\u0442\u043a\u043e\u0435 \u043e\u043f\u0438\u0441\u0430\u043d\u0438\u0435 \u0438\u043d\u0441\u0442\u0440\u0443\u043a\u0446\u0438\u0438", "link": "http://www.roskazna.ru/upload/iblock/8ef/etapy-polucheniya-sertifikatov.pdf", "path": "c:/temp\\\u0418\u043d\u0441\u0442\u0440\u0443\u043a\u0446\u0438\u0438\\\u0424\u0430\u0439\u043b \u0438\u043d\u0441\u0442\u0440\u0443\u043a\u0446\u0438\u0438.docx", "type": 5, "tags": [1, 3]}}, {"model": "key_manual.manual", "pk": 4, "fields": {"name": "\u041f\u043e\u0434\u043a\u043b\u044e\u0447\u0435\u043d\u0438\u0435 \u043a \u0441\u0438\u0441\u0442\u0435\u043c\u0435 \u042d\u0411", "name_full": "", "content": "1. \u041f\u0440\u043e\u0432\u0435\u0440\u0438\u0442\u044c TSL 1.0 \u0432 \u0431\u0440\u0430\u0443\u0437\u0435\u0440\u0435\r\n2. \u0423\u0441\u0442\u0430\u043d\u043e\u0432\u043a\u0430 \u0441\u0435\u0440\u0442\u0438\u0444\u0438\u043a\u0430\u0442\u0430 \u0423\u0426 (\u043a\u043e\u0440\u043d\u0435\u0432\u043e\u0439)\r\n3. \u041f\u0440\u043e\u0432\u0435\u0440\u043a\u0430 \u043f\u0435\u0447\u0430\u0442\u0438 \u0432 \u0431\u0440\u0430\u0443\u0437\u0435\u0440\u0435 (\u0443\u0431\u0440\u0430\u0442\u044c \u043a\u043e\u043b\u043e\u043d\u0442\u0438\u0442\u0443\u043b\u044b)\r\n4. (\u0434\u043b\u044f \u042d\u0426\u041f \u0438 \u0410\u0434\u043c\u0438\u043d\u0438\u0441\u0442\u0440\u0430\u0442\u043e\u0440\u0430 \u043e\u0440\u0433\u0430\u043d\u0438\u0437\u0430\u0446\u0438\u0438 \u0438\u043b\u0438 \u0423\u043f\u043e\u043b\u043d\u043e\u043c\u043e\u0447\u0435\u043d\u043d\u043e\u0433\u043e \u0441\u043f\u0435\u0446\u0438\u0430\u043b\u0438\u0441\u0442\u0430.\r\n4.1. \u0414\u043e\u0431\u0430\u0432\u0438\u0442\u044c \u0430\u0434\u0440\u0435\u0441 \u043e\u0444\u0444. \u0441\u0430\u0439\u0442\u0430 \u0415\u0418\u0421 \u0432 \u0441\u043f\u0438\u0441\u043e\u043a \u0434\u043e\u0432\u0435\u0440\u0435\u043d\u043d\u044b\u0445 \u0443\u0437\u043b\u043e\u0432.  http://*.zakupki.gov.ru\r\n4.1.1.\u0422\u0430\u043c \u0436\u0435 - \u0414\u0440\u0443\u0433\u0438\u0435 \u043f\u0430\u0440\u0430\u043c\u0435\u0442\u0440\u044b \u0431\u0435\u0437\u043e\u043f\u0430\u0441\u043d\u043e\u0441\u0442\u0438 - \u0414\u043e\u0441\u0442\u0443\u043f \u043a \u0434\u0430\u043d\u043d\u044b\u043c \u0437\u0430 \u043f\u0440\u0435\u0434\u0435\u043b\u0430\u043c\u0438 \u0434\u043e\u043c\u0435\u043d\u0430 - \u0412\u043a\u043b\r\n4.1.2. \u0411\u043b\u043e\u043a\u0438\u0440\u043e\u0432\u0430\u0442\u044c \u0432\u0441\u043f\u043b\u044b\u0432\u0430\u044e\u0449\u0438\u0435 \u043e\u043a\u043d\u0430 - \u041e\u0442\u043a\u043b\r\n4.1.3. \u0410\u043a\u0442\u0438\u0432\u043d\u044b\u0435 \u0441\u0446\u0435\u043d\u0430\u0440\u0438\u0438 - \u0412\u043a\u043b\r\n4.1.4. \u0412\u043a\u043b\u044e\u0447\u0438\u0442\u044c \u0444\u0438\u043b\u044c\u0442\u0440 XSS - \u041e\u0442\u043a\u043b\r\n4.1.5. \u0412\u044b\u043f\u043e\u043b\u043d\u044f\u0442\u044c \u0441\u0446\u0435\u043d\u0430\u0440\u0438\u0438 Java - \u0412\u043a\u043b\r\n4.1.6. \u042d\u043b\u0435\u043c\u0435\u043d\u0442\u044b ActiveX - \u0432\u0441\u0435 - \u0412\u043a\u043b\r\n4.1.7 \u0412\u043a\u043b\u0430\u0434\u043a\u0430 \u041a\u043e\u043d\u0444\u0438\u0434\u0435\u0446\u0438\u0430\u043b\u044c\u043d\u043e\u0441\u0442\u044c - \u0414\u043e\u043f\u043e\u043b\u043d\u0438\u0442\u0435\u043b\u044c\u043d\u043e - \u041f\u0435\u0440\u0435\u043e\u043f\u0440\u0435\u0434\u0435\u043b\u0438\u0442\u044c \u0430\u0432\u0442\u043e\u043c\u0430\u0442\u0438\u0447\u0435\u0441\u043a\u0443\u044e \u043e\u0431\u0440\u0430\u0431\u043e\u0442\u043a\u0443 Cookie - V (\u041f\u0440\u0438\u043d\u0438\u043c\u0430\u0442\u044c )\r\n4.2. \u0423\u0441\u0442\u0430\u043d\u043e\u0432\u0438\u0442\u044c CryptoPro CSP\r\n4.3. \u0423\u0441\u0442\u0430\u043d\u043e\u0432\u0438\u0442\u044c \u043a\u043e\u043c\u043f\u043e\u043d\u0435\u043d\u0442 \u0444\u043e\u0440\u043c\u0438\u0440\u043e\u0432\u0430\u043d\u0438\u044f \u043f\u043e\u0434\u043f\u0438\u0441\u0438\r\n4.4. \u041d\u0430\u0441\u0442\u0440\u043e\u0438\u0442\u044c \u0441\u0447\u0438\u0442\u044b\u0432\u0430\u0442\u0435\u043b\u0438 \u0432 \u041a\u0440\u0438\u043f\u0442\u043e\u041f\u0440\u043e\r\n4.5. \u0423\u0441\u0442\u0430\u043d\u043e\u0432\u0438\u0442\u044c \u0441\u0435\u0440\u0442\u0438\u0444\u0438\u043a\u0430\u0442 \u0432 \u041a\u0440\u0438\u043f\u0442\u043e\u041f\u0440\u043e\r\n5. \u0415\u0436\u0435\u0441\u0443\u0442\u043e\u0447\u043d\u043e\u0439 \u043a\u043e\u043d\u0442\u0440\u043e\u043b\u044c\u043a \u0446\u0435\u043b\u043e\u0441\u0442\u043d\u043e\u0441\u0442\u0438!!!! CPVERIFY.exe", "link": "http://zakupki.gov.ru/epz/main/public/document/view.html?sectionId=445&pageNo=1&categories=FZ44&_categories=on&categories=FZ223&_categories=on&categories=FZ94&_categories=on&categories=FZALL&_categori", "path": "c:/temp\\\u0418\u043d\u0441\u0442\u0440\u0443\u043a\u0446\u0438\u0438\\instruktsiya_po_obnovleniyu_sertifikata_servera_tls_na_arm_polzovatelya.docx", "type": 6, "tags": [4]}}, {"model": "key_manual.manual", "pk": 5, "fields": {"name": "\u041f\u043e\u0434\u043a\u043b\u044e\u0447\u0435\u043d\u0438\u0435 \u043a \u0421\u0423\u0424\u0414", "name_full": "", "content": "1) Mozilla Firefox >= 47\r\n2) Java 8\r\n3) \u041a\u0440\u0438\u043f\u0442\u043e\u041f\u0440\u043e CSP >= 3.6\r\n4) \u041a\u043e\u043d\u0442\u0438\u043d\u0435\u043d\u0442 \u0410\u041f >= 3.6", "link": "http://moscow.roskazna.ru/gis/sufd-onlajn/", "path": "", "type": 7, "tags": [1, 4]}}, {"model": "key_manual.manual", "pk": 6, "fields": {"name": "\u0415\u0418\u0421\u0421\u041e\u0418", "name_full": "", "content": "", "link": "https://www.google.ru/url?sa=t&rct=j&q=&esrc=s&source=web&cd=2&cad=rja&uact=8&ved=0ahUKEwjtx7XA1fLUAhWGdpoKHWZ4AU4QFggsMAE&url=https%3A%2F%2Fwww.arhofoms.ru%2Foms%2Fcurrent%2F%25D0%259D%25D0%25A1%25D0", "path": "", "type": null, "tags": []}}, {"model": "auth.permission", "fields": {"name": "Can add log entry", "content_type": ["admin", "logentry"], "codename": "add_logentry"}}, {"model": "auth.permission", "fields": {"name": "Can change log entry", "content_type": ["admin", "logentry"], "codename": "change_logentry"}}, {"model": "auth.permission", "fields": {"name": "Can delete log entry", "content_type": ["admin", "logentry"], "codename": "delete_logentry"}}, {"model": "auth.permission", "fields": {"name": "Can add permission", "content_type": ["auth", "permission"], "codename": "add_permission"}}, {"model": "auth.permission", "fields": {"name": "Can change permission", "content_type": ["auth", "permission"], "codename": "change_permission"}}, {"model": "auth.permission", "fields": {"name": "Can delete permission", "content_type": ["auth", "permission"], "codename": "delete_permission"}}, {"model": "auth.permission", "fields": {"name": "Can add group", "content_type": ["auth", "group"], "codename": "add_group"}}, {"model": "auth.permission", "fields": {"name": "Can change group", "content_type": ["auth", "group"], "codename": "change_group"}}, {"model": "auth.permission", "fields": {"name": "Can delete group", "content_type": ["auth", "group"], "codename": "delete_group"}}, {"model": "auth.permission", "fields": {"name": "Can add user", "content_type": ["auth", "user"], "codename": "add_user"}}, {"model": "auth.permission", "fields": {"name": "Can change user", "content_type": ["auth", "user"], "codename": "change_user"}}, {"model": "auth.permission", "fields": {"name": "Can delete user", "content_type": ["auth", "user"], "codename": "delete_user"}}, {"model": "auth.permission", "fields": {"name": "Can add content type", "content_type": ["contenttypes", "contenttype"], "codename": "add_contenttype"}}, {"model": "auth.permission", "fields": {"name": "Can change content type", "content_type": ["contenttypes", "contenttype"], "codename": "change_contenttype"}}, {"model": "auth.permission", "fields": {"name": "Can delete content type", "content_type": ["contenttypes", "contenttype"], "codename": "delete_contenttype"}}, {"model": "auth.permission", "fields": {"name": "Can add session", "content_type": ["sessions", "session"], "codename": "add_session"}}, {"model": "auth.permission", "fields": {"name": "Can change session", "content_type": ["sessions", "session"], "codename": "change_session"}}, {"model": "auth.permission", "fields": {"name": "Can delete session", "content_type": ["sessions", "session"], "codename": "delete_session"}}, {"model": "auth.permission", "fields": {"name": "Can add key type", "content_type": ["digital_key", "keytype"], "codename": "add_keytype"}}, {"model": "auth.permission", "fields": {"name": "Can change key type", "content_type": ["digital_key", "keytype"], "codename": "change_keytype"}}, {"model": "auth.permission", "fields": {"name": "Can delete key type", "content_type": ["digital_key", "keytype"], "codename": "delete_keytype"}}, {"model": "auth.permission", "fields": {"name": "Can add key assignment", "content_type": ["digital_key", "keyassignment"], "codename": "add_keyassignment"}}, {"model": "auth.permission", "fields": {"name": "Can change key assignment", "content_type": ["digital_key", "keyassignment"], "codename": "change_keyassignment"}}, {"model": "auth.permission", "fields": {"name": "Can delete key assignment", "content_type": ["digital_key", "keyassignment"], "codename": "delete_keyassignment"}}, {"model": "auth.permission", "fields": {"name": "Can add key location", "content_type": ["digital_key", "keylocation"], "codename": "add_keylocation"}}, {"model": "auth.permission", "fields": {"name": "Can change key location", "content_type": ["digital_key", "keylocation"], "codename": "change_keylocation"}}, {"model": "auth.permission", "fields": {"name": "Can delete key location", "content_type": ["digital_key", "keylocation"], "codename": "delete_keylocation"}}, {"model": "auth.permission", "fields": {"name": "Can add digital key", "content_type": ["digital_key", "digitalkey"], "codename": "add_digitalkey"}}, {"model": "auth.permission", "fields": {"name": "Can change digital key", "content_type": ["digital_key", "digitalkey"], "codename": "change_digitalkey"}}, {"model": "auth.permission", "fields": {"name": "Can delete digital key", "content_type": ["digital_key", "digitalkey"], "codename": "delete_digitalkey"}}, {"model": "auth.permission", "fields": {"name": "Can add employee", "content_type": ["employee", "employee"], "codename": "add_employee"}}, {"model": "auth.permission", "fields": {"name": "Can change employee", "content_type": ["employee", "employee"], "codename": "change_employee"}}, {"model": "auth.permission", "fields": {"name": "Can delete employee", "content_type": ["employee", "employee"], "codename": "delete_employee"}}, {"model": "auth.permission", "fields": {"name": "Can add employee group", "content_type": ["employee", "employeegroup"], "codename": "add_employeegroup"}}, {"model": "auth.permission", "fields": {"name": "Can change employee group", "content_type": ["employee", "employeegroup"], "codename": "change_employeegroup"}}, {"model": "auth.permission", "fields": {"name": "Can delete employee group", "content_type": ["employee", "employeegroup"], "codename": "delete_employeegroup"}}, {"model": "auth.permission", "fields": {"name": "Can add contact type", "content_type": ["employee", "contacttype"], "codename": "add_contacttype"}}, {"model": "auth.permission", "fields": {"name": "Can change contact type", "content_type": ["employee", "contacttype"], "codename": "change_contacttype"}}, {"model": "auth.permission", "fields": {"name": "Can delete contact type", "content_type": ["employee", "contacttype"], "codename": "delete_contacttype"}}, {"model": "auth.permission", "fields": {"name": "Can add contact info", "content_type": ["employee", "contactinfo"], "codename": "add_contactinfo"}}, {"model": "auth.permission", "fields": {"name": "Can change contact info", "content_type": ["employee", "contactinfo"], "codename": "change_contactinfo"}}, {"model": "auth.permission", "fields": {"name": "Can delete contact info", "content_type": ["employee", "contactinfo"], "codename": "delete_contactinfo"}}, {"model": "auth.permission", "fields": {"name": "Can add certification center", "content_type": ["cert_center", "certificationcenter"], "codename": "add_certificationcenter"}}, {"model": "auth.permission", "fields": {"name": "Can change certification center", "content_type": ["cert_center", "certificationcenter"], "codename": "change_certificationcenter"}}, {"model": "auth.permission", "fields": {"name": "Can delete certification center", "content_type": ["cert_center", "certificationcenter"], "codename": "delete_certificationcenter"}}, {"model": "auth.permission", "fields": {"name": "Can add cert requirement", "content_type": ["cert_center", "certrequirement"], "codename": "add_certrequirement"}}, {"model": "auth.permission", "fields": {"name": "Can change cert requirement", "content_type": ["cert_center", "certrequirement"], "codename": "change_certrequirement"}}, {"model": "auth.permission", "fields": {"name": "Can delete cert requirement", "content_type": ["cert_center", "certrequirement"], "codename": "delete_certrequirement"}}, {"model": "auth.permission", "fields": {"name": "Can add manual type", "content_type": ["key_manual", "manualtype"], "codename": "add_manualtype"}}, {"model": "auth.permission", "fields": {"name": "Can change manual type", "content_type": ["key_manual", "manualtype"], "codename": "change_manualtype"}}, {"model": "auth.permission", "fields": {"name": "Can delete manual type", "content_type": ["key_manual", "manualtype"], "codename": "delete_manualtype"}}, {"model": "auth.permission", "fields": {"name": "Can add manual tag", "content_type": ["key_manual", "manualtag"], "codename": "add_manualtag"}}, {"model": "auth.permission", "fields": {"name": "Can change manual tag", "content_type": ["key_manual", "manualtag"], "codename": "change_manualtag"}}, {"model": "auth.permission", "fields": {"name": "Can delete manual tag", "content_type": ["key_manual", "manualtag"], "codename": "delete_manualtag"}}, {"model": "auth.permission", "fields": {"name": "Can add manual", "content_type": ["key_manual", "manual"], "codename": "add_manual"}}, {"model": "auth.permission", "fields": {"name": "Can change manual", "content_type": ["key_manual", "manual"], "codename": "change_manual"}}, {"model": "auth.permission", "fields": {"name": "Can delete manual", "content_type": ["key_manual", "manual"], "codename": "delete_manual"}}, {"model": "auth.permission", "fields": {"name": "Can add work system", "content_type": ["digital_key", "worksystem"], "codename": "add_worksystem"}}, {"model": "auth.permission", "fields": {"name": "Can change work system", "content_type": ["digital_key", "worksystem"], "codename": "change_worksystem"}}, {"model": "auth.permission", "fields": {"name": "Can delete work system", "content_type": ["digital_key", "worksystem"], "codename": "delete_worksystem"}}, {"model": "auth.user", "fields": {"password": "pbkdf2_sha256$36000$924b6zeqkK4n$uPG0LdGE1gCgcKsTadt1WjWyh0vIWhZAhekd3ao4g0s=", "last_login": "2017-07-25T10:06:48.722Z", "is_superuser": true, "username": "admin", "first_name": "", "last_name": "", "email": "123@test.io", "is_staff": true, "is_active": true, "date_joined": "2017-06-18T20:15:04.861Z", "groups": [], "user_permissions": []}}, {"model": "auth.user", "fields": {"password": "pbkdf2_sha256$36000$iqjTvHhzHFP3$UXQTLPsrf9n53aIbhqr+j6G6nbw1FLytr6ltHw78NcU=", "last_login": "2017-07-25T09:36:48.343Z", "is_superuser": false, "username": "user", "first_name": "", "last_name": "", "email": "", "is_staff": false, "is_active": true, "date_joined": "2017-07-03T10:31:37.927Z", "groups": [], "user_permissions": []}}, {"model": "admin.logentry", "pk": 7, "fields": {"action_time": "2017-06-18T20:16:22.821Z", "user": ["admin"], "content_type": ["key_manual", "manual"], "object_id": "3", "object_repr": "\u0418\u043d\u0441\u0442\u0440\u0443\u043a\u0446\u0438\u044f 1", "action_flag": 1, "change_message": "[{\"added\": {}}]"}}, {"model": "admin.logentry", "pk": 8, "fields": {"action_time": "2017-06-18T20:34:54.231Z", "user": ["admin"], "content_type": ["key_manual", "manualtype"], "object_id": "4", "object_repr": "\u041d\u0430\u0441\u0442\u0440\u043e\u0439\u043a\u0430", "action_flag": 1, "change_message": "[{\"added\": {}}]"}}, {"model": "admin.logentry", "pk": 9, "fields": {"action_time": "2017-06-18T20:35:09.693Z", "user": ["admin"], "content_type": ["key_manual", "manualtag"], "object_id": "1", "object_repr": "\u0423\u0441\u0442\u0430\u043d\u043e\u0432\u043a\u0430", "action_flag": 1, "change_message": "[{\"added\": {}}]"}}, {"model": "admin.logentry", "pk": 10, "fields": {"action_time": "2017-06-18T20:35:19.718Z", "user": ["admin"], "content_type": ["key_manual", "manualtag"], "object_id": "2", "object_repr": "\u041d\u0430\u0441\u0442\u0440\u043e\u0439\u043a\u0430", "action_flag": 1, "change_message": "[{\"added\": {}}]"}}, {"model": "admin.logentry", "pk": 11, "fields": {"action_time": "2017-06-18T20:35:36.672Z", "user": ["admin"], "content_type": ["key_manual", "manualtype"], "object_id": "4", "object_repr": "\u0410\u0434\u043c\u0438\u043d\u0438\u0441\u0442\u0440\u0438\u0440\u043e\u0432\u0430\u043d\u0438\u0435", "action_flag": 2, "change_message": "[{\"changed\": {\"fields\": [\"name\"]}}]"}}, {"model": "admin.logentry", "pk": 12, "fields": {"action_time": "2017-06-18T20:35:39.806Z", "user": ["admin"], "content_type": ["key_manual", "manual"], "object_id": "3", "object_repr": "\u0418\u043d\u0441\u0442\u0440\u0443\u043a\u0446\u0438\u044f 1", "action_flag": 2, "change_message": "[{\"changed\": {\"fields\": [\"type\"]}}]"}}, {"model": "admin.logentry", "pk": 13, "fields": {"action_time": "2017-06-18T20:37:33.695Z", "user": ["admin"], "content_type": ["key_manual", "manual"], "object_id": "3", "object_repr": "\u042d\u0442\u0430\u043f\u044b \u043f\u043e\u043b\u0443\u0447\u0435\u043d\u0438\u044f \u0441\u0435\u0440\u0442\u0438\u0444\u0438\u043a\u0430\u0442\u043e\u0432", "action_flag": 2, "change_message": "[{\"changed\": {\"fields\": [\"name\", \"link\"]}}]"}}, {"model": "admin.logentry", "pk": 14, "fields": {"action_time": "2017-06-18T21:43:37.886Z", "user": ["admin"], "content_type": ["key_manual", "manualtag"], "object_id": "3", "object_repr": "\u043f\u043e\u043b\u0443\u0447\u0435\u043d\u0438\u0435", "action_flag": 1, "change_message": "[{\"added\": {}}]"}}, {"model": "admin.logentry", "pk": 15, "fields": {"action_time": "2017-06-18T21:43:48.558Z", "user": ["admin"], "content_type": ["key_manual", "manualtag"], "object_id": "3", "object_repr": "\u041f\u043e\u043b\u0443\u0447\u0435\u043d\u0438\u0435", "action_flag": 2, "change_message": "[{\"changed\": {\"fields\": [\"name\"]}}]"}}, {"model": "admin.logentry", "pk": 16, "fields": {"action_time": "2017-06-18T21:44:06.511Z", "user": ["admin"], "content_type": ["key_manual", "manual"], "object_id": "3", "object_repr": "\u042d\u0442\u0430\u043f\u044b \u043f\u043e\u043b\u0443\u0447\u0435\u043d\u0438\u044f \u0441\u0435\u0440\u0442\u0438\u0444\u0438\u043a\u0430\u0442\u043e\u0432", "action_flag": 2, "change_message": "[]"}}, {"model": "admin.logentry", "pk": 17, "fields": {"action_time": "2017-06-18T21:44:59.549Z", "user": ["admin"], "content_type": ["key_manual", "manualtype"], "object_id": "5", "object_repr": "\u0421\u043e\u0433\u043b\u0430\u0441\u043e\u0432\u0430\u043d\u0438\u0435", "action_flag": 1, "change_message": "[{\"added\": {}}]"}}, {"model": "admin.logentry", "pk": 18, "fields": {"action_time": "2017-06-18T21:45:02.272Z", "user": ["admin"], "content_type": ["key_manual", "manual"], "object_id": "3", "object_repr": "\u042d\u0442\u0430\u043f\u044b \u043f\u043e\u043b\u0443\u0447\u0435\u043d\u0438\u044f \u0441\u0435\u0440\u0442\u0438\u0444\u0438\u043a\u0430\u0442\u043e\u0432", "action_flag": 2, "change_message": "[{\"changed\": {\"fields\": [\"type\"]}}]"}}, {"model": "admin.logentry", "pk": 19, "fields": {"action_time": "2017-06-18T21:50:16.143Z", "user": ["admin"], "content_type": ["cert_center", "certificationcenter"], "object_id": "17", "object_repr": "\u0423\u041a\u0420", "action_flag": 2, "change_message": "[{\"changed\": {\"fields\": [\"name\"]}}]"}}, {"model": "admin.logentry", "pk": 20, "fields": {"action_time": "2017-06-18T21:52:11.765Z", "user": ["admin"], "content_type": ["cert_center", "certificationcenter"], "object_id": "17", "object_repr": "\u0423\u0424\u041a", "action_flag": 2, "change_message": "[{\"changed\": {\"fields\": [\"name\", \"link\", \"description\"]}}]"}}, {"model": "admin.logentry", "pk": 21, "fields": {"action_time": "2017-06-18T21:52:39.680Z", "user": ["admin"], "content_type": ["cert_center", "certrequirement"], "object_id": "3", "object_repr": "\u041d\u043e\u0440\u043c\u0430\u0442\u0438\u0432\u043d\u044b\u0435 \u0434\u043e\u043a\u0443\u043c\u0435\u043d\u0442\u044b", "action_flag": 1, "change_message": "[{\"added\": {}}]"}}, {"model": "admin.logentry", "pk": 22, "fields": {"action_time": "2017-06-18T22:19:11.951Z", "user": ["admin"], "content_type": ["employee", "employeegroup"], "object_id": "17", "object_repr": "\u0422\u0435\u043d\u0434\u0435\u0440\u043d\u0430\u044f \u0433\u0440\u0443\u043f\u043f\u0430", "action_flag": 2, "change_message": "[]"}}, {"model": "admin.logentry", "pk": 23, "fields": {"action_time": "2017-06-19T08:18:23.898Z", "user": ["admin"], "content_type": ["cert_center", "certificationcenter"], "object_id": "17", "object_repr": "\u0423\u04261", "action_flag": 2, "change_message": "[{\"changed\": {\"fields\": [\"name\", \"link\", \"description\"]}}]"}}, {"model": "admin.logentry", "pk": 24, "fields": {"action_time": "2017-06-19T08:19:37.983Z", "user": ["admin"], "content_type": ["cert_center", "certificationcenter"], "object_id": "15", "object_repr": "\u0423\u0426 \u0424\u041a", "action_flag": 2, "change_message": "[{\"changed\": {\"fields\": [\"name\", \"link\", \"description\"]}}]"}}, {"model": "admin.logentry", "pk": 25, "fields": {"action_time": "2017-06-19T08:32:55.532Z", "user": ["admin"], "content_type": ["key_manual", "manualtype"], "object_id": "5", "object_repr": "\u0423\u0426", "action_flag": 2, "change_message": "[{\"changed\": {\"fields\": [\"name\"]}}]"}}, {"model": "admin.logentry", "pk": 26, "fields": {"action_time": "2017-06-19T08:33:17.582Z", "user": ["admin"], "content_type": ["key_manual", "manualtype"], "object_id": "6", "object_repr": "\u042d\u043b\u0435\u043a\u0442\u0440\u043e\u043d\u043d\u044b\u0439 \u0431\u044e\u0434\u0436\u0435\u0442", "action_flag": 1, "change_message": "[{\"added\": {}}]"}}, {"model": "admin.logentry", "pk": 27, "fields": {"action_time": "2017-06-19T08:33:33.472Z", "user": ["admin"], "content_type": ["key_manual", "manual"], "object_id": "3", "object_repr": "\u042d\u0442\u0430\u043f\u044b \u043f\u043e\u043b\u0443\u0447\u0435\u043d\u0438\u044f \u0441\u0435\u0440\u0442\u0438\u0444\u0438\u043a\u0430\u0442\u043e\u0432", "action_flag": 2, "change_message": "[]"}}, {"model": "admin.logentry", "pk": 28, "fields": {"action_time": "2017-06-19T08:34:25.862Z", "user": ["admin"], "content_type": ["key_manual", "manualtag"], "object_id": "4", "object_repr": "\u041f\u043e\u0434\u043a\u043b\u044e\u0447\u0435\u043d\u0438\u0435", "action_flag": 1, "change_message": "[{\"added\": {}}]"}}, {"model": "admin.logentry", "pk": 29, "fields": {"action_time": "2017-06-19T08:35:05.867Z", "user": ["admin"], "content_type": ["key_manual", "manual"], "object_id": "4", "object_repr": "\u041f\u043e\u0434\u043a\u043b\u044e\u0447\u0435\u043d\u0438\u0435 \u043a \u0441\u0438\u0441\u0442\u0435\u043c\u0435 \u042d\u0411", "action_flag": 1, "change_message": "[{\"added\": {}}]"}}, {"model": "admin.logentry", "pk": 30, "fields": {"action_time": "2017-06-19T08:35:25.505Z", "user": ["admin"], "content_type": ["key_manual", "manual"], "object_id": "4", "object_repr": "\u041f\u043e\u0434\u043a\u043b\u044e\u0447\u0435\u043d\u0438\u0435 \u043a \u0441\u0438\u0441\u0442\u0435\u043c\u0435 \u042d\u0411", "action_flag": 2, "change_message": "[{\"changed\": {\"fields\": [\"path\"]}}]"}}, {"model": "admin.logentry", "pk": 31, "fields": {"action_time": "2017-06-19T13:26:51.965Z", "user": ["admin"], "content_type": ["key_manual", "manual"], "object_id": "4", "object_repr": "\u041f\u043e\u0434\u043a\u043b\u044e\u0447\u0435\u043d\u0438\u0435 \u043a \u0441\u0438\u0441\u0442\u0435\u043c\u0435 \u042d\u0411", "action_flag": 2, "change_message": "[{\"changed\": {\"fields\": [\"content\"]}}]"}}, {"model": "admin.logentry", "pk": 32, "fields": {"action_time": "2017-06-19T13:56:52.918Z", "user": ["admin"], "content_type": ["key_manual", "manual"], "object_id": "4", "object_repr": "\u041f\u043e\u0434\u043a\u043b\u044e\u0447\u0435\u043d\u0438\u0435 \u043a \u0441\u0438\u0441\u0442\u0435\u043c\u0435 \u042d\u0411", "action_flag": 2, "change_message": "[{\"changed\": {\"fields\": [\"content\"]}}]"}}, {"model": "admin.logentry", "pk": 33, "fields": {"action_time": "2017-06-19T14:02:14.609Z", "user": ["admin"], "content_type": ["key_manual", "manual"], "object_id": "4", "object_repr": "\u041f\u043e\u0434\u043a\u043b\u044e\u0447\u0435\u043d\u0438\u0435 \u043a \u0441\u0438\u0441\u0442\u0435\u043c\u0435 \u042d\u0411", "action_flag": 2, "change_message": "[{\"changed\": {\"fields\": [\"link\"]}}]"}}, {"model": "admin.logentry", "pk": 34, "fields": {"action_time": "2017-06-19T14:23:32.287Z", "user": ["admin"], "content_type": ["key_manual", "manual"], "object_id": "4", "object_repr": "\u041f\u043e\u0434\u043a\u043b\u044e\u0447\u0435\u043d\u0438\u0435 \u043a \u0441\u0438\u0441\u0442\u0435\u043c\u0435 \u042d\u0411", "action_flag": 2, "change_message": "[{\"changed\": {\"fields\": [\"content\"]}}]"}}, {"model": "admin.logentry", "pk": 35, "fields": {"action_time": "2017-06-23T10:52:56.060Z", "user": ["admin"], "content_type": ["employee", "contacttype"], "object_id": "15", "object_repr": "\u043f\u043e\u0447\u0442\u0430", "action_flag": 1, "change_message": "[{\"added\": {}}]"}}, {"model": "admin.logentry", "pk": 36, "fields": {"action_time": "2017-06-23T10:53:05.314Z", "user": ["admin"], "content_type": ["employee", "contacttype"], "object_id": "16", "object_repr": "\u0442\u0435\u043b\u0435\u0444\u043e\u043d", "action_flag": 1, "change_message": "[{\"added\": {}}]"}}, {"model": "admin.logentry", "pk": 37, "fields": {"action_time": "2017-06-23T10:53:40.491Z", "user": ["admin"], "content_type": ["employee", "employee"], "object_id": "141", "object_repr": "\u0421\u0430\u0432\u0435\u043d\u043a\u043e \u0422.\u0410.", "action_flag": 2, "change_message": "[{\"added\": {\"name\": \"contact info\", \"object\": \"test@mail.ip\"}}]"}}, {"model": "admin.logentry", "pk": 38, "fields": {"action_time": "2017-06-23T10:54:14.695Z", "user": ["admin"], "content_type": ["employee", "employee"], "object_id": "153", "object_repr": "\u0421\u0430\u0432\u0447\u0435\u043d\u043a\u043e \u0412.\u0413.", "action_flag": 2, "change_message": "[{\"added\": {\"name\": \"contact info\", \"object\": \"123 456 890\"}}]"}}, {"model": "admin.logentry", "pk": 39, "fields": {"action_time": "2017-06-23T10:55:01.967Z", "user": ["admin"], "content_type": ["employee", "employee"], "object_id": "141", "object_repr": "\u0421\u0430\u0432\u0435\u043d\u043a\u043e \u0422.\u0410.", "action_flag": 2, "change_message": "[{\"added\": {\"name\": \"contact info\", \"object\": \"123 456 789 10\"}}]"}}, {"model": "admin.logentry", "pk": 40, "fields": {"action_time": "2017-06-26T08:32:47.270Z", "user": ["admin"], "content_type": ["key_manual", "manual"], "object_id": "5", "object_repr": "\u041f\u043e\u0434\u043a\u043b\u044e\u0447\u0435\u043d\u0438\u0435 \u043a \u0421\u0423\u0424\u0414", "action_flag": 1, "change_message": "[{\"added\": {}}]"}}, {"model": "admin.logentry", "pk": 41, "fields": {"action_time": "2017-06-26T08:34:51.525Z", "user": ["admin"], "content_type": ["key_manual", "manual"], "object_id": "5", "object_repr": "\u041f\u043e\u0434\u043a\u043b\u044e\u0447\u0435\u043d\u0438\u0435 \u043a \u0421\u0423\u0424\u0414", "action_flag": 2, "change_message": "[{\"changed\": {\"fields\": [\"content\"]}}]"}}, {"model": "admin.logentry", "pk": 42, "fields": {"action_time": "2017-06-26T08:41:41.620Z", "user": ["admin"], "content_type": ["key_manual", "manualtype"], "object_id": "7", "object_repr": "\u0421\u0423\u0424\u0414", "action_flag": 1, "change_message": "[{\"added\": {}}]"}}, {"model": "admin.logentry", "pk": 43, "fields": {"action_time": "2017-06-26T08:41:44.941Z", "user": ["admin"], "content_type": ["key_manual", "manual"], "object_id": "5", "object_repr": "\u041f\u043e\u0434\u043a\u043b\u044e\u0447\u0435\u043d\u0438\u0435 \u043a \u0421\u0423\u0424\u0414", "action_flag": 2, "change_message": "[{\"changed\": {\"fields\": [\"type\"]}}]"}}, {"model": "admin.logentry", "pk": 44, "fields": {"action_time": "2017-06-26T13:00:44.645Z", "user": ["admin"], "content_type": ["digital_key", "worksystem"], "object_id": "1", "object_repr": "\u0421\u0423\u0424\u0414", "action_flag": 1, "change_message": "[{\"added\": {}}]"}}, {"model": "admin.logentry", "pk": 45, "fields": {"action_time": "2017-06-26T13:01:11.250Z", "user": ["admin"], "content_type": ["digital_key", "worksystem"], "object_id": "1", "object_repr": "\u0421\u0423\u0424\u0414", "action_flag": 2, "change_message": "[{\"changed\": {\"fields\": [\"link\"]}}]"}}, {"model": "admin.logentry", "pk": 46, "fields": {"action_time": "2017-06-26T13:01:28.845Z", "user": ["admin"], "content_type": ["digital_key", "worksystem"], "object_id": "1", "object_repr": "\u0421\u0423\u0424\u0414", "action_flag": 2, "change_message": "[{\"changed\": {\"fields\": [\"description\"]}}]"}}, {"model": "admin.logentry", "pk": 47, "fields": {"action_time": "2017-06-26T13:02:32.109Z", "user": ["admin"], "content_type": ["digital_key", "digitalkey"], "object_id": "179", "object_repr": "eTocken_GNC10", "action_flag": 2, "change_message": "[]"}}, {"model": "admin.logentry", "pk": 48, "fields": {"action_time": "2017-06-26T13:07:02.290Z", "user": ["admin"], "content_type": ["digital_key", "worksystem"], "object_id": "2", "object_repr": "\u042d\u043b\u0435\u043a\u0442\u0440\u043e\u043d\u043d\u044b\u0439 \u0431\u044e\u0434\u0436\u0435\u0442", "action_flag": 1, "change_message": "[{\"added\": {}}]"}}, {"model": "admin.logentry", "pk": 49, "fields": {"action_time": "2017-06-26T13:07:05.355Z", "user": ["admin"], "content_type": ["digital_key", "digitalkey"], "object_id": "179", "object_repr": "eTocken_GNC10", "action_flag": 2, "change_message": "[]"}}, {"model": "admin.logentry", "pk": 50, "fields": {"action_time": "2017-07-03T10:31:38.033Z", "user": ["admin"], "content_type": ["auth", "user"], "object_id": "4", "object_repr": "user", "action_flag": 1, "change_message": "[{\"added\": {}}]"}}, {"model": "admin.logentry", "pk": 51, "fields": {"action_time": "2017-07-05T17:30:37.634Z", "user": ["admin"], "content_type": ["key_manual", "manual"], "object_id": "6", "object_repr": "\u0415\u0418\u0421\u0421\u041e\u0418", "action_flag": 1, "change_message": "[{\"added\": {}}]"}}, {"model": "admin.logentry", "pk": 52, "fields": {"action_time": "2017-07-06T07:42:29.289Z", "user": ["admin"], "content_type": ["digital_key", "digitalkey"], "object_id": "179", "object_repr": "eTocken_GNC10", "action_flag": 2, "change_message": "[{\"changed\": {\"fields\": [\"cert_num\"]}}]"}}, {"model": "admin.logentry", "pk": 53, "fields": {"action_time": "2017-07-24T07:08:21.075Z", "user": ["admin"], "content_type": ["employee", "employee"], "object_id": "156", "object_repr": "\u041f\u0435\u0442\u0440\u043e\u0432\u0430 \u041f.\u041f.", "action_flag": 2, "change_message": "[{\"changed\": {\"fields\": [\"name\"]}}]"}}, {"model": "admin.logentry", "pk": 54, "fields": {"action_time": "2017-07-24T07:08:38.235Z", "user": ["admin"], "content_type": ["employee", "employee"], "object_id": "155", "object_repr": "\u0421\u043e\u043a\u043e\u043b\u043e\u0432\u0430 \u0421.\u0421.", "action_flag": 2, "change_message": "[{\"changed\": {\"fields\": [\"name\"]}}]"}}, {"model": "admin.logentry", "pk": 55, "fields": {"action_time": "2017-07-24T07:08:55.153Z", "user": ["admin"], "content_type": ["employee", "employee"], "object_id": "154", "object_repr": "\u041a\u0430\u043f\u0443\u0441\u0442\u0438\u043d\u0430 \u041a.\u041a.", "action_flag": 2, "change_message": "[{\"changed\": {\"fields\": [\"name\"]}}]"}}, {"model": "admin.logentry", "pk": 56, "fields": {"action_time": "2017-07-24T07:09:09.903Z", "user": ["admin"], "content_type": ["employee", "employee"], "object_id": "153", "object_repr": "\u0421\u0442\u0440\u0435\u043b\u043a\u043e\u0432\u0430 \u0421.\u0421.", "action_flag": 2, "change_message": "[{\"changed\": {\"fields\": [\"name\"]}}]"}}, {"model": "admin.logentry", "pk": 57, "fields": {"action_time": "2017-07-24T07:09:28.702Z", "user": ["admin"], "content_type": ["employee", "employee"], "object_id": "152", "object_repr": "\u041f\u0440\u043e\u0445\u043e\u0440\u043e\u0432\u0430 \u041f.\u041f.", "action_flag": 2, "change_message": "[{\"changed\": {\"fields\": [\"name\"]}}]"}}, {"model": "admin.logentry", "pk": 58, "fields": {"action_time": "2017-07-24T07:09:42.871Z", "user": ["admin"], "content_type": ["employee", "employee"], "object_id": "151", "object_repr": "\u0424\u0438\u043b\u0438\u043d\u043e\u0432\u0430. \u0424.\u0424.", "action_flag": 2, "change_message": "[{\"changed\": {\"fields\": [\"name\"]}}]"}}, {"model": "admin.logentry", "pk": 59, "fields": {"action_time": "2017-07-24T07:10:02.579Z", "user": ["admin"], "content_type": ["employee", "employee"], "object_id": "150", "object_repr": "\u0410\u043d\u043e\u043d\u0438\u043c\u043e\u0432. \u0410.\u0410.", "action_flag": 2, "change_message": "[{\"changed\": {\"fields\": [\"name\"]}}]"}}, {"model": "admin.logentry", "pk": 60, "fields": {"action_time": "2017-07-24T07:10:18.437Z", "user": ["admin"], "content_type": ["employee", "employee"], "object_id": "149", "object_repr": "\u041d\u0438\u043a\u043e\u043b\u0430\u0435\u0432\u0430 \u041d.\u041d.", "action_flag": 2, "change_message": "[{\"changed\": {\"fields\": [\"name\"]}}]"}}, {"model": "admin.logentry", "pk": 61, "fields": {"action_time": "2017-07-24T07:10:52.923Z", "user": ["admin"], "content_type": ["employee", "employee"], "object_id": "148", "object_repr": "\u0411\u0435\u0437\u044b\u043c\u044f\u043d\u043e\u0432 \u0411.\u0411.", "action_flag": 2, "change_message": "[{\"changed\": {\"fields\": [\"name\"]}}]"}}, {"model": "admin.logentry", "pk": 62, "fields": {"action_time": "2017-07-24T07:11:05.232Z", "user": ["admin"], "content_type": ["employee", "employee"], "object_id": "147", "object_repr": "\u041a\u0430\u0440\u043a\u0443\u0448\u0438\u043d \u041a.\u041a.", "action_flag": 2, "change_message": "[{\"changed\": {\"fields\": [\"name\"]}}]"}}, {"model": "admin.logentry", "pk": 63, "fields": {"action_time": "2017-07-24T07:11:27.205Z", "user": ["admin"], "content_type": ["employee", "employee"], "object_id": "146", "object_repr": "\u0413\u0440\u0438\u0431\u043d\u0438\u043a\u043e\u0432\u0430 \u0413.\u0413.", "action_flag": 2, "change_message": "[{\"changed\": {\"fields\": [\"name\"]}}]"}}, {"model": "admin.logentry", "pk": 64, "fields": {"action_time": "2017-07-24T07:11:45.461Z", "user": ["admin"], "content_type": ["employee", "employee"], "object_id": "145", "object_repr": "\u041b\u0438\u0441\u0438\u0446\u0438\u043d \u041b.\u041b.", "action_flag": 2, "change_message": "[{\"changed\": {\"fields\": [\"name\"]}}]"}}, {"model": "admin.logentry", "pk": 65, "fields": {"action_time": "2017-07-24T07:12:05.623Z", "user": ["admin"], "content_type": ["employee", "employee"], "object_id": "144", "object_repr": "\u0427\u0435\u0440\u0435\u0448\u043d\u0435\u0432\u0430 \u0427.\u0427.", "action_flag": 2, "change_message": "[{\"changed\": {\"fields\": [\"name\"]}}]"}}, {"model": "admin.logentry", "pk": 66, "fields": {"action_time": "2017-07-24T07:12:26.783Z", "user": ["admin"], "content_type": ["employee", "employee"], "object_id": "143", "object_repr": "\u0421\u0435\u043c\u0435\u0447\u043a\u0438\u043d\u0430 \u0421.\u0421.", "action_flag": 2, "change_message": "[{\"changed\": {\"fields\": [\"name\"]}}]"}}, {"model": "admin.logentry", "pk": 67, "fields": {"action_time": "2017-07-24T07:12:39.878Z", "user": ["admin"], "content_type": ["employee", "employee"], "object_id": "142", "object_repr": "\u0417\u0430\u0439\u0446\u0435\u0432\u0430 \u0417.\u0417.", "action_flag": 2, "change_message": "[{\"changed\": {\"fields\": [\"name\"]}}]"}}, {"model": "admin.logentry", "pk": 68, "fields": {"action_time": "2017-07-24T07:13:08.164Z", "user": ["admin"], "content_type": ["employee", "employee"], "object_id": "141", "object_repr": "\u0421\u0430\u0432\u043e\u0447\u043a\u0438\u043d \u0421.\u0421.", "action_flag": 2, "change_message": "[{\"changed\": {\"fields\": [\"name\"]}}]"}}, {"model": "admin.logentry", "pk": 69, "fields": {"action_time": "2017-07-24T07:13:28.359Z", "user": ["admin"], "content_type": ["employee", "employee"], "object_id": "140", "object_repr": "\u0411\u0430\u0433\u0430\u0436\u0438\u043d \u0411.\u0411.", "action_flag": 2, "change_message": "[{\"changed\": {\"fields\": [\"name\"]}}]"}}, {"model": "admin.logentry", "pk": 70, "fields": {"action_time": "2017-07-24T07:13:46.265Z", "user": ["admin"], "content_type": ["employee", "employee"], "object_id": "139", "object_repr": "\u0428\u0430\u0440\u0438\u043a\u043e\u0432\u0430 \u0428.\u0428.", "action_flag": 2, "change_message": "[{\"changed\": {\"fields\": [\"name\"]}}]"}}, {"model": "admin.logentry", "pk": 71, "fields": {"action_time": "2017-07-24T07:14:03.485Z", "user": ["admin"], "content_type": ["employee", "employee"], "object_id": "138", "object_repr": "\u0427\u0430\u0448\u043a\u0438\u043d \u0427.\u0427.", "action_flag": 2, "change_message": "[{\"changed\": {\"fields\": [\"name\"]}}]"}}, {"model": "admin.logentry", "pk": 72, "fields": {"action_time": "2017-07-24T07:16:23.986Z", "user": ["admin"], "content_type": ["digital_key", "keylocation"], "object_id": "49", "object_repr": "\u0421\u0435\u043a\u0440\u0435\u0442\u0430\u0440\u0438\u0430\u0442 \u043a\u0430\u0431.1", "action_flag": 2, "change_message": "[{\"changed\": {\"fields\": [\"name\"]}}]"}}, {"model": "admin.logentry", "pk": 73, "fields": {"action_time": "2017-07-24T07:16:33.593Z", "user": ["admin"], "content_type": ["digital_key", "keylocation"], "object_id": "48", "object_repr": "\u0418\u0422 \u043a\u0430\u0431.1", "action_flag": 2, "change_message": "[{\"changed\": {\"fields\": [\"name\"]}}]"}}, {"model": "admin.logentry", "pk": 74, "fields": {"action_time": "2017-07-24T07:16:43.995Z", "user": ["admin"], "content_type": ["digital_key", "keylocation"], "object_id": "47", "object_repr": "\u0411\u0443\u0445. \u043a\u0430\u0431.1", "action_flag": 2, "change_message": "[{\"changed\": {\"fields\": [\"name\"]}}]"}}, {"model": "admin.logentry", "pk": 75, "fields": {"action_time": "2017-07-24T07:16:53.966Z", "user": ["admin"], "content_type": ["digital_key", "keylocation"], "object_id": "46", "object_repr": "\u041e\u041c\u0421 \u043a\u0430\u0431.1", "action_flag": 2, "change_message": "[{\"changed\": {\"fields\": [\"name\"]}}]"}}, {"model": "admin.logentry", "pk": 76, "fields": {"action_time": "2017-07-24T07:17:04.550Z", "user": ["admin"], "content_type": ["digital_key", "keylocation"], "object_id": "45", "object_repr": "\u0422\u0435\u043d\u0434. \u043a\u0430\u0431.1", "action_flag": 2, "change_message": "[{\"changed\": {\"fields\": [\"name\"]}}]"}}, {"model": "admin.logentry", "pk": 77, "fields": {"action_time": "2017-07-24T08:29:26.622Z", "user": ["admin"], "content_type": ["digital_key", "keyassignment"], "object_id": "116", "object_repr": "\u0412\u0410\u041a", "action_flag": 2, "change_message": "[{\"changed\": {\"fields\": [\"name\"]}}]"}}, {"model": "admin.logentry", "pk": 78, "fields": {"action_time": "2017-07-24T08:29:42.844Z", "user": ["admin"], "content_type": ["digital_key", "keyassignment"], "object_id": "113", "object_repr": "\u0421\u0411\u0418\u0421++", "action_flag": 2, "change_message": "[{\"changed\": {\"fields\": [\"name\"]}}]"}}, {"model": "admin.logentry", "pk": 79, "fields": {"action_time": "2017-07-24T08:29:56.940Z", "user": ["admin"], "content_type": ["digital_key", "keyassignment"], "object_id": "111", "object_repr": "\u0410\u0412\u0421", "action_flag": 2, "change_message": "[{\"changed\": {\"fields\": [\"name\"]}}]"}}, {"model": "admin.logentry", "pk": 80, "fields": {"action_time": "2017-07-24T08:30:08.338Z", "user": ["admin"], "content_type": ["digital_key", "keyassignment"], "object_id": "109", "object_repr": "\u0420\u043e\u0441\u043c\u0438\u043d\u0437\u0434\u0440\u0430\u0432", "action_flag": 2, "change_message": "[{\"changed\": {\"fields\": [\"name\"]}}]"}}, {"model": "admin.logentry", "pk": 81, "fields": {"action_time": "2017-07-24T08:30:26.944Z", "user": ["admin"], "content_type": ["digital_key", "keyassignment"], "object_id": "108", "object_repr": "Tensor \u0421\u0411\u0418\u0421 ++", "action_flag": 2, "change_message": "[{\"changed\": {\"fields\": [\"name\"]}}]"}}, {"model": "admin.logentry", "pk": 82, "fields": {"action_time": "2017-07-24T10:23:08.525Z", "user": ["admin"], "content_type": ["employee", "employee"], "object_id": "151", "object_repr": "\u0424\u0438\u043b\u0438\u043f\u043e\u0432\u0430. \u0424.\u0424.", "action_flag": 2, "change_message": "[{\"changed\": {\"fields\": [\"name\"]}}]"}}, {"model": "admin.logentry", "pk": 83, "fields": {"action_time": "2017-07-25T08:05:16.094Z", "user": ["admin"], "content_type": ["employee", "employee"], "object_id": "155", "object_repr": "\u0421\u043e\u043a\u043e\u043b\u043e\u0432\u0430 \u0421.\u0421.", "action_flag": 3, "change_message": ""}}, {"model": "admin.logentry", "pk": 84, "fields": {"action_time": "2017-07-25T08:05:16.121Z", "user": ["admin"], "content_type": ["employee", "employee"], "object_id": "150", "object_repr": "\u0410\u043d\u043e\u043d\u0438\u043c\u043e\u0432. \u0410.\u0410.", "action_flag": 3, "change_message": ""}}, {"model": "admin.logentry", "pk": 85, "fields": {"action_time": "2017-07-25T08:08:50.527Z", "user": ["admin"], "content_type": ["digital_key", "keylocation"], "object_id": "49", "object_repr": "\u0418\u0422 \u043a\u0430\u0431.1", "action_flag": 2, "change_message": "[{\"changed\": {\"fields\": [\"name\"]}}]"}}, {"model": "admin.logentry", "pk": 86, "fields": {"action_time": "2017-07-25T08:08:58.141Z", "user": ["admin"], "content_type": ["digital_key", "keylocation"], "object_id": "48", "object_repr": "\u0418\u0422 \u043a\u0430\u0431.2", "action_flag": 2, "change_message": "[{\"changed\": {\"fields\": [\"name\"]}}]"}}, {"model": "admin.logentry", "pk": 87, "fields": {"action_time": "2017-07-25T08:09:14.093Z", "user": ["admin"], "content_type": ["digital_key", "keylocation"], "object_id": "46", "object_repr": "\u0411\u0443\u0445. \u043a\u0430\u0431.1", "action_flag": 2, "change_message": "[{\"changed\": {\"fields\": [\"name\"]}}]"}}, {"model": "admin.logentry", "pk": 88, "fields": {"action_time": "2017-07-25T08:09:21.260Z", "user": ["admin"], "content_type": ["digital_key", "keylocation"], "object_id": "46", "object_repr": "\u0411\u0443\u0445. \u043a\u0430\u0431.2", "action_flag": 2, "change_message": "[{\"changed\": {\"fields\": [\"name\"]}}]"}}, {"model": "admin.logentry", "pk": 89, "fields": {"action_time": "2017-07-25T08:09:40.854Z", "user": ["admin"], "content_type": ["digital_key", "keyassignment"], "object_id": "122", "object_repr": "\u0417\u0430\u043a\u0443\u043f\u043a\u0438 223 \u0424\u0417", "action_flag": 2, "change_message": "[{\"changed\": {\"fields\": [\"name\"]}}]"}}, {"model": "admin.logentry", "pk": 90, "fields": {"action_time": "2017-07-25T08:09:51.238Z", "user": ["admin"], "content_type": ["digital_key", "keyassignment"], "object_id": "121", "object_repr": "\u0417\u0430\u043a\u0443\u043f\u043a\u0438 44 \u0424\u0417", "action_flag": 2, "change_message": "[{\"changed\": {\"fields\": [\"name\"]}}]"}}, {"model": "admin.logentry", "pk": 91, "fields": {"action_time": "2017-07-25T08:10:14.354Z", "user": ["admin"], "content_type": ["digital_key", "digitalkey"], "object_id": "198", "object_repr": "ruTocken_09", "action_flag": 2, "change_message": "[{\"changed\": {\"fields\": [\"assignment\"]}}]"}}, {"model": "admin.logentry", "pk": 92, "fields": {"action_time": "2017-07-25T08:10:38.133Z", "user": ["admin"], "content_type": ["digital_key", "keyassignment"], "object_id": "108", "object_repr": "Tensor \u0421\u0411\u0418\u0421 ++", "action_flag": 3, "change_message": ""}}, {"model": "admin.logentry", "pk": 93, "fields": {"action_time": "2017-07-25T08:11:02.352Z", "user": ["admin"], "content_type": ["digital_key", "digitalkey"], "object_id": "196", "object_repr": "ruTocken_08", "action_flag": 2, "change_message": "[{\"changed\": {\"fields\": [\"assignment\"]}}]"}}, {"model": "admin.logentry", "pk": 94, "fields": {"action_time": "2017-07-25T08:11:12.088Z", "user": ["admin"], "content_type": ["digital_key", "keyassignment"], "object_id": "119", "object_repr": "CenterInform", "action_flag": 3, "change_message": ""}}, {"model": "admin.logentry", "pk": 95, "fields": {"action_time": "2017-07-25T08:12:34.901Z", "user": ["admin"], "content_type": ["digital_key", "keyassignment"], "object_id": "118", "object_repr": "\u0421\u042d\u0414", "action_flag": 3, "change_message": ""}}, {"model": "admin.logentry", "pk": 96, "fields": {"action_time": "2017-07-25T08:12:50.207Z", "user": ["admin"], "content_type": ["digital_key", "keyassignment"], "object_id": "117", "object_repr": "\u041e\u041c\u0421", "action_flag": 2, "change_message": "[{\"changed\": {\"fields\": [\"name\"]}}]"}}, {"model": "admin.logentry", "pk": 97, "fields": {"action_time": "2017-07-25T08:13:00.451Z", "user": ["admin"], "content_type": ["digital_key", "keyassignment"], "object_id": "115", "object_repr": "\u041a\u043e\u043d\u0442\u0443\u0440", "action_flag": 2, "change_message": "[{\"changed\": {\"fields\": [\"name\"]}}]"}}, {"model": "admin.logentry", "pk": 98, "fields": {"action_time": "2017-07-25T08:13:11.070Z", "user": ["admin"], "content_type": ["digital_key", "keyassignment"], "object_id": "113", "object_repr": "\u0421\u0411\u0418\u0421", "action_flag": 2, "change_message": "[{\"changed\": {\"fields\": [\"name\"]}}]"}}, {"model": "admin.logentry", "pk": 99, "fields": {"action_time": "2017-07-25T08:50:08.892Z", "user": ["admin"], "content_type": ["auth", "user"], "object_id": "3", "object_repr": "admin", "action_flag": 2, "change_message": "[{\"changed\": {\"fields\": [\"password\"]}}]"}}, {"model": "admin.logentry", "pk": 100, "fields": {"action_time": "2017-07-25T08:50:27.991Z", "user": ["admin"], "content_type": ["auth", "user"], "object_id": "4", "object_repr": "user", "action_flag": 2, "change_message": "[{\"changed\": {\"fields\": [\"password\"]}}]"}}, {"model": "admin.logentry", "pk": 101, "fields": {"action_time": "2017-07-25T09:06:23.876Z", "user": ["admin"], "content_type": ["cert_center", "certrequirement"], "object_id": "3", "object_repr": "\u041d\u043e\u0440\u043c\u0430\u0442\u0438\u0432\u043d\u044b\u0435 \u0434\u043e\u043a\u0443\u043c\u0435\u043d\u0442\u044b", "action_flag": 2, "change_message": "[{\"changed\": {\"fields\": [\"link\"]}}]"}}, {"model": "admin.logentry", "pk": 102, "fields": {"action_time": "2017-07-25T09:06:44.894Z", "user": ["admin"], "content_type": ["cert_center", "certificationcenter"], "object_id": "15", "object_repr": "\u0423\u0426 \u0424\u041a", "action_flag": 2, "change_message": "[{\"changed\": {\"fields\": [\"link\", \"description\"]}}]"}}, {"model": "admin.logentry", "pk": 103, "fields": {"action_time": "2017-07-25T09:06:55.719Z", "user": ["admin"], "content_type": ["cert_center", "certificationcenter"], "object_id": "15", "object_repr": "\u0423\u0426 2", "action_flag": 2, "change_message": "[{\"changed\": {\"fields\": [\"name\"]}}]"}}, {"model": "admin.logentry", "pk": 104, "fields": {"action_time": "2017-07-25T09:07:23.629Z", "user": ["admin"], "content_type": ["cert_center", "certificationcenter"], "object_id": "15", "object_repr": "\u0423\u04262", "action_flag": 2, "change_message": "[{\"changed\": {\"fields\": [\"name\", \"description\"]}}]"}}, {"model": "admin.logentry", "pk": 105, "fields": {"action_time": "2017-07-25T09:07:33.860Z", "user": ["admin"], "content_type": ["cert_center", "certificationcenter"], "object_id": "18", "object_repr": "\u0423\u04263", "action_flag": 2, "change_message": "[{\"changed\": {\"fields\": [\"description\"]}}]"}}, {"model": "admin.logentry", "pk": 106, "fields": {"action_time": "2017-07-25T09:07:41.503Z", "user": ["admin"], "content_type": ["cert_center", "certificationcenter"], "object_id": "17", "object_repr": "\u0423\u04261", "action_flag": 2, "change_message": "[{\"changed\": {\"fields\": [\"description\"]}}]"}}, {"model": "admin.logentry", "pk": 107, "fields": {"action_time": "2017-07-25T09:07:50.083Z", "user": ["admin"], "content_type": ["cert_center", "certificationcenter"], "object_id": "16", "object_repr": "\u0423\u04264", "action_flag": 2, "change_message": "[{\"changed\": {\"fields\": [\"description\"]}}]"}}, {"model": "admin.logentry", "pk": 108, "fields": {"action_time": "2017-07-25T09:07:57.397Z", "user": ["admin"], "content_type": ["cert_center", "certificationcenter"], "object_id": "14", "object_repr": "\u0423\u04265", "action_flag": 2, "change_message": "[{\"changed\": {\"fields\": [\"description\"]}}]"}}, {"model": "admin.logentry", "pk": 109, "fields": {"action_time": "2017-07-25T09:16:06.059Z", "user": ["admin"], "content_type": ["employee", "employee"], "object_id": "151", "object_repr": "\u0424\u0438\u043b\u0438\u043d\u043e\u0432\u0430 \u0424.\u0424.", "action_flag": 2, "change_message": "[{\"changed\": {\"fields\": [\"name\"]}}]"}}, {"model": "admin.logentry", "pk": 110, "fields": {"action_time": "2017-07-25T09:16:33.630Z", "user": ["admin"], "content_type": ["employee", "employee"], "object_id": "141", "object_repr": "\u0421\u043e\u0441\u043d\u043e\u0432 \u0421.\u0421.", "action_flag": 2, "change_message": "[{\"changed\": {\"fields\": [\"name\"]}}]"}}, {"model": "admin.logentry", "pk": 111, "fields": {"action_time": "2017-07-25T09:16:58.909Z", "user": ["admin"], "content_type": ["employee", "employee"], "object_id": "152", "object_repr": "\u041c\u0443\u0440\u0430\u0432\u044c\u0435\u0432 \u041c.\u041c.", "action_flag": 2, "change_message": "[{\"changed\": {\"fields\": [\"name\"]}}]"}}, {"model": "admin.logentry", "pk": 112, "fields": {"action_time": "2017-07-25T09:17:31.829Z", "user": ["admin"], "content_type": ["employee", "employee"], "object_id": "154", "object_repr": "\u0418\u0432\u0430\u043d\u043e\u0432\u0430 \u0418.\u0418.", "action_flag": 2, "change_message": "[{\"changed\": {\"fields\": [\"name\"]}}]"}}, {"model": "admin.logentry", "pk": 113, "fields": {"action_time": "2017-07-25T09:18:06.858Z", "user": ["admin"], "content_type": ["employee", "employee"], "object_id": "140", "object_repr": "\u0411\u0435\u0440\u0435\u0437\u043a\u0438\u043d \u0411.\u0411.", "action_flag": 2, "change_message": "[{\"changed\": {\"fields\": [\"name\"]}}]"}}, {"model": "admin.logentry", "pk": 114, "fields": {"action_time": "2017-07-25T09:18:34.342Z", "user": ["admin"], "content_type": ["employee", "employee"], "object_id": "139", "object_repr": "\u041a\u0443\u043a\u0443\u0448\u043a\u0438\u043d\u0430 \u041a.\u041a.", "action_flag": 2, "change_message": "[{\"changed\": {\"fields\": [\"name\"]}}]"}}, {"model": "admin.logentry", "pk": 115, "fields": {"action_time": "2017-07-25T09:18:50.749Z", "user": ["admin"], "content_type": ["employee", "employee"], "object_id": "138", "object_repr": "\u0422\u0440\u0430\u0432\u043a\u0438\u043d \u0422.\u0422.", "action_flag": 2, "change_message": "[{\"changed\": {\"fields\": [\"name\"]}}]"}}, {"model": "admin.logentry", "pk": 116, "fields": {"action_time": "2017-07-25T09:19:15.525Z", "user": ["admin"], "content_type": ["employee", "employee"], "object_id": "148", "object_repr": "\u0414\u0443\u0431\u043e\u0432 \u0414.\u0414.", "action_flag": 2, "change_message": "[{\"changed\": {\"fields\": [\"name\"]}}]"}}, {"model": "admin.logentry", "pk": 117, "fields": {"action_time": "2017-07-25T09:19:44.983Z", "user": ["admin"], "content_type": ["employee", "employee"], "object_id": "149", "object_repr": "\u041f\u043e\u043b\u044f\u043d\u043e\u0432\u0430 \u041f.\u041f.", "action_flag": 2, "change_message": "[{\"changed\": {\"fields\": [\"name\"]}}]"}}, {"model": "admin.logentry", "pk": 118, "fields": {"action_time": "2017-07-25T09:57:53.838Z", "user": ["admin"], "content_type": ["digital_key", "keyassignment"], "object_id": "109", "object_repr": "\u041c\u0438\u043d\u0437\u0434\u0440\u0430\u0432", "action_flag": 2, "change_message": "[{\"changed\": {\"fields\": [\"name\"]}}]"}}, {"model": "admin.logentry", "pk": 119, "fields": {"action_time": "2017-07-25T09:58:03.479Z", "user": ["admin"], "content_type": ["digital_key", "keyassignment"], "object_id": "110", "object_repr": "\u0410\u043a\u043a\u0440\u0435\u0434\u0438\u0442\u0430\u0446\u0438\u044f", "action_flag": 2, "change_message": "[{\"changed\": {\"fields\": [\"name\"]}}]"}}, {"model": "admin.logentry", "pk": 120, "fields": {"action_time": "2017-07-25T09:58:20.501Z", "user": ["admin"], "content_type": ["digital_key", "keyassignment"], "object_id": "114", "object_repr": "\u0413\u043e\u0441\u0443\u0441\u043b\u0443\u0433\u0438", "action_flag": 2, "change_message": "[{\"changed\": {\"fields\": [\"name\"]}}]"}}, {"model": "admin.logentry", "pk": 121, "fields": {"action_time": "2017-07-25T09:59:37.523Z", "user": ["admin"], "content_type": ["digital_key", "keyassignment"], "object_id": "112", "object_repr": "\u0420\u0435\u0435\u0441\u0442\u0440 \u043e\u0440\u0433\u0430\u043d\u0438\u0437\u0430\u0446\u0438\u0439", "action_flag": 2, "change_message": "[{\"changed\": {\"fields\": [\"name\"]}}]"}}]